Hugo_Symbol	Entrez_Gene_Id	AdCC1T	AdCC2T	AdCC3T	AdCC4T	AdCC5T	AdCC6T	AdCC8T	AdCC9T	AdCC10T	AdCC11T	AdCC12T	AdCC32T
DEC1	50514	0	0	0	0	-2	0	-2	0	0	0	0	0
MARCH10	162333	0	0	0	2	0	0	0	0	2	2	0	0
SEPT4	5414	0	0	0	2	0	0	0	0	2	2	0	0
MARCH9	92979	-2	-2	-2	0	0	0	-2	0	0	0	0	-2
SEPT9	10801	0	0	0	2	0	0	0	0	2	0	0	0
AA06	100506677	0	0	0	2	0	0	0	0	2	0	0	0
AAAS	8086	-2	-2	-2	0	0	0	-2	0	0	0	0	-2
AANAT	15	0	0	0	2	0	0	0	0	2	0	0	0
AARSD1	80755	0	0	0	2	0	0	0	0	2	0	0	0
AATF	26574	0	0	0	2	0	0	0	0	2	0	0	0
AATK	9625	0	0	0	2	0	0	0	0	2	0	0	0
AATKAS1		0	0	0	2	0	0	0	0	2	0	0	0
ABCA10	10349	0	0	0	2	0	0	0	0	2	2	0	0
ABCA5	23461	0	0	0	2	0	0	0	0	2	2	0	0
ABCA6	23460	0	0	0	2	0	0	0	0	2	2	0	0
ABCA8	10351	0	0	0	2	0	0	0	0	2	2	0	0
ABCA9	10350	0	0	0	2	0	0	0	0	2	2	0	0
ABCC3	8714	0	0	0	2	0	0	0	0	2	2	0	0
ABCD2	225	0	0	-2	0	0	0	0	0	0	0	0	-2
ABHD15	116236	0	0	0	2	0	0	0	0	2	0	0	0
ABI3	51225	0	0	0	2	0	0	0	0	2	2	0	0
ABR	29	0	0	0	-2	0	0	0	0	-2	0	0	0
ACACA	31	0	0	0	2	0	0	0	0	2	0	0	0
ACADVL	37	0	0	0	-2	0	0	0	0	-2	0	0	0
ACAP1	9744	0	0	0	-2	0	0	0	0	-2	0	0	0
ACBD4	79777	0	0	0	2	0	0	0	0	2	0	0	0
ACCN1		0	0	0	2	0	0	0	0	2	0	0	0
ACCN2		-2	-2	-2	0	0	0	-2	0	0	0	0	-2
ACE	1636	0	0	0	2	0	0	0	0	2	2	0	0
ACLY	47	0	0	0	2	0	0	0	0	2	0	0	0
ACOX1	51	0	0	0	2	0	0	0	0	2	2	0	0
ACSF2	80221	0	0	0	2	0	0	0	0	2	2	0	0
ACTG1	71	0	0	0	2	0	0	0	0	2	0	0	0
ACVR1B	91	-2	-2	-2	0	0	0	-2	0	0	0	0	-2
ACVRL1	94	-2	-2	-2	0	0	0	-2	0	0	0	0	-2
ADAM11	4185	0	0	0	2	0	0	0	0	2	0	0	0
ADAMTS20	80070	0	0	-2	0	0	0	-2	0	0	0	0	-2
ADAP2	55803	0	0	0	2	0	0	0	0	2	0	0	0
ADCY6	112	-2	-2	-2	0	0	0	-2	0	0	0	0	-2
ADORA2B	136	0	0	0	-2	0	0	0	0	-2	0	0	0
AFMID	125061	0	0	0	2	0	0	0	0	2	0	0	0
AGAP2	116986	-2	-2	-2	0	0	0	-2	0	0	0	0	-2
AIPL1	23746	0	0	0	-2	0	0	0	0	-2	0	0	0
AK1	203	0	0	0	0	-2	0	-2	0	0	0	0	0
AKAP1	8165	0	0	0	2	0	0	0	0	2	2	0	0
AKNA	80709	0	0	0	0	-2	0	-2	0	0	0	0	0
ALDOC	230	0	0	0	2	0	0	0	0	2	0	0	0
ALG10	84920	0	0	-2	2	0	0	0	0	2	0	0	-2
ALG10B	144245	0	0	-2	2	0	0	0	0	2	0	0	-2
ALKBH5	54890	0	0	0	-2	0	0	0	0	-2	0	0	0
ALOX12	239	0	0	0	-2	0	0	0	0	-2	0	0	0
ALOX12B	242	0	0	0	-2	0	0	0	0	-2	0	0	0
ALOX12P2	245	0	0	0	-2	0	0	0	0	-2	0	0	0
ALOX15	246	0	0	0	-2	0	0	0	0	-2	0	0	0
ALOX15B	247	0	0	0	-2	0	0	0	0	-2	0	0	0
ALOX15P1	100652883	0	0	0	-2	0	0	0	0	-2	0	0	0
ALOXE3	59344	0	0	0	-2	0	0	0	0	-2	0	0	0
ALX1	8092	-2	0	0	0	0	0	0	0	0	0	-2	0
ALYREF	10189	0	0	0	2	0	0	0	0	2	0	0	0
AMBP	259	0	0	0	0	-2	0	-2	0	0	0	0	0
AMHR2	269	-2	-2	-2	0	0	0	-2	0	0	0	0	-2
AMIGO2	347902	-2	-2	-2	0	0	0	-2	0	0	0	0	-2
AMN1	196394	0	0	0	2	0	0	0	0	2	0	0	0
AMZ2	51321	0	0	0	2	0	0	0	0	2	2	0	0
AMZ2P1	201283	0	0	0	2	0	0	0	0	2	2	0	0
ANAPC11	51529	0	0	0	2	0	0	0	0	2	0	0	0
ANGPTL2	23452	0	0	0	0	-2	0	-2	0	0	0	0	0
ANKFN1	162282	0	0	0	2	0	0	0	0	2	0	0	0
ANKFY1	51479	0	0	0	-2	0	0	0	0	-2	0	0	0
ANKRD13B	124930	0	0	0	2	0	0	0	0	2	0	0	0
ANKRD33	341405	-2	-2	-2	0	0	0	-2	0	0	0	0	-2
ANKRD40	91369	0	0	0	2	0	0	0	0	2	2	0	0
ANKRD52	283373	-2	-2	-2	0	0	0	-2	0	0	0	0	-2
ANO6	196527	0	-2	-2	0	0	0	-2	0	0	0	0	-2
ANP32D	23519	-2	-2	-2	0	0	0	-2	0	0	0	0	-2
AOC2	314	0	0	0	2	0	0	0	0	2	0	0	0
AOC3	8639	0	0	0	2	0	0	0	0	2	0	0	0
AOC4		0	0	0	2	0	0	0	0	2	0	0	0
AP2B1	163	0	0	0	2	0	0	0	0	2	0	0	0
APOF	319	-2	-2	-2	0	0	0	-2	0	0	0	0	-2
APOH	350	0	0	0	2	0	0	0	0	2	2	0	0
APOOL	139322	-2	0	-2	0	0	0	0	0	0	0	0	0
APPBP2	10513	0	0	0	2	0	0	0	0	2	2	0	0
AQP2	359	-2	-2	-2	0	0	0	-2	0	0	0	0	-2
AQP5	362	-2	-2	-2	0	0	0	-2	0	0	0	0	-2
AQP6	363	-2	-2	-2	0	0	0	-2	0	0	0	0	-2
ARF3	377	-2	-2	-2	0	0	0	-2	0	0	0	0	-2
ARGFXP2	503640	0	0	0	2	0	0	0	0	2	0	0	0
ARHGAP23	57636	0	0	0	2	0	0	0	0	2	0	0	0
ARHGAP27	201176	0	0	0	2	0	0	0	0	2	0	0	0
ARHGAP44	9912	0	0	0	-2	0	0	0	0	-2	0	0	0
ARHGAP9	64333	-2	-2	-2	0	0	0	-2	0	0	0	0	-2
ARHGDIA	396	0	0	0	2	0	0	0	0	2	0	0	0
ARHGEF15	22899	0	0	0	-2	0	0	0	0	-2	0	0	0
ARHGEF25	115557	-2	-2	-2	0	0	0	-2	0	0	0	0	-2
ARID2	196528	-2	-2	-2	0	0	0	-2	0	0	0	0	-2
ARL16	339231	0	0	0	2	0	0	0	0	2	0	0	0
ARL17A	51326	0	0	0	2	0	0	0	0	2	0	0	0
ARL17B	100506084	0	0	0	2	0	0	0	0	2	0	0	0
ARL4D	379	0	0	0	2	0	0	0	0	2	0	0	0
ARL5C	390790	0	0	0	2	0	0	0	0	2	0	0	0
ARMC7	79637	0	0	0	2	0	0	0	0	2	2	0	0
ARPC5L	81873	0	0	0	0	-2	0	-2	0	0	0	0	0
ARRB2	409	0	0	0	-2	0	0	0	0	-2	0	0	0
ARSG	22901	0	0	0	2	0	0	0	0	2	2	0	0
ASB16	92591	0	0	0	2	0	0	0	0	2	0	0	0
ASB8	140461	-2	-2	-2	0	0	0	-2	0	0	0	0	-2
ASGR1	432	0	0	0	-2	0	0	0	0	-2	0	0	0
ASGR2	433	0	0	0	-2	0	0	0	0	-2	0	0	0
ASPA	443	0	0	0	-2	0	0	0	0	-2	0	0	0
ASPSCR1	79058	0	0	0	2	0	0	0	0	2	0	0	0
ASTN2	23245	0	0	0	0	-2	0	-2	0	0	0	0	0
ATAD5	79915	0	0	0	2	0	0	0	0	2	0	0	0
ATF1	466	-2	-2	-2	0	0	0	-2	0	0	0	0	-2
ATF7	11016	-2	-2	-2	0	0	0	-2	0	0	0	0	-2
ATP1B2	482	0	0	0	-2	0	0	0	0	-2	0	0	0
ATP2A3	489	0	0	0	-2	0	0	0	0	-2	0	0	0
ATP5B	506	-2	-2	-2	0	0	0	-2	0	0	0	0	-2
ATP5G1	516	0	0	0	2	0	0	0	0	2	2	0	0
ATP5G2	517	-2	-2	-2	0	0	0	-2	0	0	0	0	-2
ATP5H	10476	0	0	0	2	0	0	0	0	2	2	0	0
ATP6V0A1	535	0	0	0	2	0	0	0	0	2	0	0	0
ATP6V1G1	9550	0	0	0	0	-2	0	-2	0	0	0	0	0
ATPAF2	91647	0	0	0	-2	0	0	0	0	-2	0	0	0
ATXN7L3	56970	0	0	0	2	0	0	0	0	2	0	0	0
AURKB	9212	0	0	0	-2	0	0	0	0	-2	0	0	0
AVIL	10677	-2	-2	-2	0	0	0	-2	0	0	0	0	-2
AVPR1A	552	-2	-2	0	0	0	0	0	0	0	0	0	0
AXIN2	8313	0	0	0	2	0	0	0	0	2	2	0	0
AZI1		0	0	0	2	0	0	0	0	2	0	0	0
B3GNTL1	146712	0	0	0	2	0	0	0	0	2	0	0	0
B4GALNT1	2583	-2	-2	-2	0	0	0	-2	0	0	0	0	-2
B4GALNT2	124872	0	0	0	2	0	0	0	0	2	2	0	0
BAHCC1	57597	0	0	0	2	0	0	0	0	2	0	0	0
BAIAP2	10458	0	0	0	2	0	0	0	0	2	0	0	0
BAZ2A	11176	-2	-2	-2	0	0	0	-2	0	0	0	0	-2
BCAS3	54828	0	0	0	2	0	0	0	0	2	2	0	0
BCDIN3D	144233	-2	-2	-2	0	0	0	-2	0	0	0	0	-2
BCL6B	255877	0	0	0	-2	0	0	0	0	-2	0	0	0
BECN1	8678	0	0	0	2	0	0	0	0	2	0	0	0
BHLHA9	727857	0	0	0	-2	0	0	0	0	-2	0	0	0
BICD1	636	0	0	0	2	0	0	0	0	2	0	0	0
BIN2	51411	-2	-2	-2	0	0	0	-2	0	0	0	0	-2
BIRC5	332	0	0	0	2	0	0	0	0	2	0	0	0
BLMH	642	0	0	0	2	0	0	0	0	2	0	0	0
BLOC1S1	2647	-2	-2	-2	0	0	0	-2	0	0	0	0	-2
BLOC1S1-RDH5	100528022	-2	-2	-2	0	0	0	-2	0	0	0	0	-2
BPTF	2186	0	0	0	2	0	0	0	0	2	2	0	0
BRCA1	672	0	0	0	2	0	0	0	0	2	0	0	0
BRIP1	83990	0	0	0	2	0	0	0	0	2	2	0	0
BTBD17	388419	0	0	0	2	0	0	0	0	2	2	0	0
BZRAP1	9256	0	0	0	2	0	0	0	0	2	2	0	0
C12orf10	60314	-2	-2	-2	0	0	0	-2	0	0	0	0	-2
C12orf26		-2	0	0	0	0	0	0	0	0	0	-2	0
C12orf29	91298	-2	0	0	0	0	0	0	0	0	0	-2	0
C12orf35		0	0	0	2	0	0	0	0	2	0	0	0
C12orf40	283461	0	0	-2	0	0	0	0	0	0	0	0	-2
C12orf44		-2	-2	-2	0	0	0	-2	0	0	0	0	-2
C12orf50	160419	-2	0	0	0	0	0	0	0	0	0	-2	0
C12orf54	121273	-2	-2	-2	0	0	0	-2	0	0	0	0	-2
C12orf61		-2	-2	0	0	0	0	0	0	0	0	0	0
C12orf62		-2	-2	-2	0	0	0	-2	0	0	0	0	-2
C12orf68		-2	-2	-2	0	0	0	-2	0	0	0	0	-2
C17orf100	388327	0	0	0	-2	0	0	0	0	-2	0	0	0
C17orf101		0	0	0	2	0	0	0	0	2	0	0	0
C17orf102	400591	0	0	0	2	0	0	0	0	2	0	0	0
C17orf104		0	0	0	2	0	0	0	0	2	0	0	0
C17orf105	284067	0	0	0	2	0	0	0	0	2	0	0	0
C17orf107	100130311	0	0	0	-2	0	0	0	0	-2	0	0	0
C17orf108		0	0	0	2	0	0	0	0	2	0	0	0
C17orf109		0	0	0	2	0	0	0	0	2	2	0	0
C17orf110		0	0	0	2	0	0	0	0	2	2	0	0
C17orf28		0	0	0	2	0	0	0	0	2	2	0	0
C17orf39		0	0	0	-2	0	0	0	0	-2	0	0	0
C17orf46		0	0	0	2	0	0	0	0	2	0	0	0
C17orf47	5414	0	0	0	2	0	0	0	0	2	2	0	0
C17orf48		0	0	0	-2	0	0	0	0	-2	0	0	0
C17orf49	124944	0	0	0	-2	0	0	0	0	-2	0	0	0
C17orf50	146853	0	0	0	2	0	0	0	0	2	0	0	0
C17orf53	78995	0	0	0	2	0	0	0	0	2	0	0	0
C17orf56		0	0	0	2	0	0	0	0	2	0	0	0
C17orf57		0	0	0	2	0	0	0	0	2	2	0	0
C17orf58	284018	0	0	0	2	0	0	0	0	2	2	0	0
C17orf59		0	0	0	-2	0	0	0	0	-2	0	0	0
C17orf61		0	0	0	-2	0	0	0	0	-2	0	0	0
C17orf61-PLSCR3		0	0	0	-2	0	0	0	0	-2	0	0	0
C17orf62	79415	0	0	0	2	0	0	0	0	2	0	0	0
C17orf63		0	0	0	2	0	0	0	0	2	0	0	0
C17orf64	124773	0	0	0	2	0	0	0	0	2	2	0	0
C17orf65		0	0	0	2	0	0	0	0	2	0	0	0
C17orf66		0	0	0	2	0	0	0	0	2	0	0	0
C17orf67	339210	0	0	0	2	0	0	0	0	2	2	0	0
C17orf69		0	0	0	2	0	0	0	0	2	0	0	0
C17orf70		0	0	0	2	0	0	0	0	2	0	0	0
C17orf72		0	0	0	2	0	0	0	0	2	2	0	0
C17orf74	201243	0	0	0	-2	0	0	0	0	-2	0	0	0
C17orf75	64149	0	0	0	2	0	0	0	0	2	0	0	0
C17orf76-AS1		0	0	0	-2	0	0	0	0	-2	0	0	0
C17orf77	146723	0	0	0	2	0	0	0	0	2	2	0	0
C17orf78	284099	0	0	0	2	0	0	0	0	2	0	0	0
C17orf79		0	0	0	2	0	0	0	0	2	0	0	0
C17orf80	55028	0	0	0	2	0	0	0	0	2	2	0	0
C17orf81		0	0	0	-2	0	0	0	0	-2	0	0	0
C17orf82	388407	0	0	0	2	0	0	0	0	2	2	0	0
C17orf85		0	0	0	-2	0	0	0	0	-2	0	0	0
C17orf89	284184	0	0	0	2	0	0	0	0	2	0	0	0
C17orf90		0	0	0	2	0	0	0	0	2	0	0	0
C17orf96	100170841	0	0	0	2	0	0	0	0	2	0	0	0
C17orf97	400566	0	0	0	-2	0	0	0	0	-2	0	0	0
C17orf98	388381	0	0	0	2	0	0	0	0	2	0	0	0
C17orf99	100141515	0	0	0	2	0	0	0	0	2	0	0	0
C1QBP	708	0	0	0	-2	0	0	0	0	-2	0	0	0
C1QL1	10882	0	0	0	2	0	0	0	0	2	0	0	0
C1QL4	338761	-2	-2	-2	0	0	0	-2	0	0	0	0	-2
C1QTNF1	114897	0	0	0	2	0	0	0	0	2	0	0	0
C5	727	0	0	0	0	-2	0	-2	0	0	0	0	0
C9orf117		0	0	0	0	-2	0	-2	0	0	0	0	0
C9orf16	79095	0	0	0	0	-2	0	-2	0	0	0	0	0
C9orf91	203197	0	0	0	0	-2	0	-2	0	0	0	0	0
CA10	56934	0	0	0	2	0	0	0	0	2	0	0	0
CA4	762	0	0	0	2	0	0	0	0	2	2	0	0
CACNA1G	8913	0	0	0	2	0	0	0	0	2	2	0	0
CACNB1	782	0	0	0	2	0	0	0	0	2	0	0	0
CACNB3	784	-2	-2	-2	0	0	0	-2	0	0	0	0	-2
CACNG1	786	0	0	0	2	0	0	0	0	2	2	0	0
CACNG4	27092	0	0	0	2	0	0	0	0	2	2	0	0
CACNG5	27091	0	0	0	2	0	0	0	0	2	2	0	0
CALCOCO1	57658	-2	-2	-2	0	0	0	-2	0	0	0	0	-2
CALCOCO2	10241	0	0	0	2	0	0	0	0	2	2	0	0
CAMKK1	84254	0	0	0	-2	0	0	0	0	-2	0	0	0
CAMTA2	23125	0	0	0	-2	0	0	0	0	-2	0	0	0
CANT1	124583	0	0	0	2	0	0	0	0	2	0	0	0
CAPRIN2	65981	0	0	0	2	0	0	0	0	2	0	0	0
CARD14	79092	0	0	0	2	0	0	0	0	2	0	0	0
CASC3	22794	0	0	0	2	0	0	0	0	2	0	0	0
CASKIN2	57513	0	0	0	2	0	0	0	0	2	2	0	0
CBX1	10951	0	0	0	2	0	0	0	0	2	2	0	0
CBX2	84733	0	0	0	2	0	0	0	0	2	0	0	0
CBX4	8535	0	0	0	2	0	0	0	0	2	0	0	0
CBX5	23468	-2	-2	-2	0	0	0	-2	0	0	0	0	-2
CBX8	57332	0	0	0	2	0	0	0	0	2	0	0	0
CCDC103	388389	0	0	0	2	0	0	0	0	2	0	0	0
CCDC137	339230	0	0	0	2	0	0	0	0	2	0	0	0
CCDC144A	9720	0	0	0	-2	0	0	0	0	-2	0	0	0
CCDC144B	284047	0	0	0	-2	0	0	0	0	-2	0	0	0
CCDC40	55036	0	0	0	2	0	0	0	0	2	0	0	0
CCDC42	146849	0	0	0	-2	0	0	0	0	-2	0	0	0
CCDC43	124808	0	0	0	2	0	0	0	0	2	0	0	0
CCDC47	57003	0	0	0	2	0	0	0	0	2	2	0	0
CCDC56		0	0	0	2	0	0	0	0	2	0	0	0
CCDC57	284001	0	0	0	2	0	0	0	0	2	0	0	0
CCDC59	29080	-2	0	0	0	0	0	0	0	0	0	-2	0
CCDC65	85478	-2	-2	-2	0	0	0	-2	0	0	0	0	-2
CCDC91	55297	0	0	0	2	0	0	0	0	2	0	0	0
CCL1	6346	0	0	0	2	0	0	0	0	2	0	0	0
CCL11	6356	0	0	0	2	0	0	0	0	2	0	0	0
CCL13	6357	0	0	0	2	0	0	0	0	2	0	0	0
CCL14	6358	0	0	0	2	0	0	0	0	2	0	0	0
CCL14-CCL15		0	0	0	2	0	0	0	0	2	0	0	0
CCL15	6359	0	0	0	2	0	0	0	0	2	0	0	0
CCL16	6360	0	0	0	2	0	0	0	0	2	0	0	0
CCL18	6362	0	0	0	2	0	0	0	0	2	0	0	0
CCL2	6347	0	0	0	2	0	0	0	0	2	0	0	0
CCL23	6368	0	0	0	2	0	0	0	0	2	0	0	0
CCL3	6348	0	0	0	2	0	0	0	0	2	0	0	0
CCL3L1	6349	0	0	0	2	0	0	0	0	2	0	0	0
CCL3L3	414062	0	0	0	2	0	0	0	0	2	0	0	0
CCL4	6351	0	0	0	2	0	0	0	0	2	0	0	0
CCL4L1	388372	0	0	0	2	0	0	0	0	2	0	0	0
CCL4L2	9560	0	0	0	2	0	0	0	0	2	0	0	0
CCL5	6352	0	0	0	2	0	0	0	0	2	0	0	0
CCL7	6354	0	0	0	2	0	0	0	0	2	0	0	0
CCL8	6355	0	0	0	2	0	0	0	0	2	0	0	0
CCNT1	904	-2	-2	-2	0	0	0	-2	0	0	0	0	-2
CCR10	2826	0	0	0	2	0	0	0	0	2	0	0	0
CCR7	1236	0	0	0	2	0	0	0	0	2	0	0	0
CCT6B	10693	0	0	0	2	0	0	0	0	2	0	0	0
CD300A	11314	0	0	0	2	0	0	0	0	2	2	0	0
CD300C	10871	0	0	0	2	0	0	0	0	2	2	0	0
CD300E	342510	0	0	0	2	0	0	0	0	2	2	0	0
CD300LB	124599	0	0	0	2	0	0	0	0	2	2	0	0
CD300LD	100131439	0	0	0	2	0	0	0	0	2	2	0	0
CD300LF	146722	0	0	0	2	0	0	0	0	2	2	0	0
CD300LG	146894	0	0	0	2	0	0	0	0	2	0	0	0
CD63	967	-2	-2	-2	0	0	0	-2	0	0	0	0	-2
CD68	968	0	0	0	-2	0	0	0	0	-2	0	0	0
CD7	924	0	0	0	2	0	0	0	0	2	0	0	0
CD79B	974	0	0	0	2	0	0	0	0	2	2	0	0
CDC27	996	0	0	0	2	0	0	0	0	2	0	0	0
CDC42EP4	23580	0	0	0	2	0	0	0	0	2	2	0	0
CDC6	990	0	0	0	2	0	0	0	0	2	0	0	0
CDK12	51755	0	0	0	2	0	0	0	0	2	0	0	0
CDK2	1017	-2	-2	-2	0	0	0	-2	0	0	0	0	-2
CDK3	1018	0	0	0	2	0	0	0	0	2	0	0	0
CDK4	1019	-2	-2	-2	0	0	0	-2	0	0	0	0	-2
CDK5R1	8851	0	0	0	2	0	0	0	0	2	0	0	0
CDK5RAP2	55755	0	0	0	0	-2	0	-2	0	0	0	0	0
CDK5RAP3	80279	0	0	0	2	0	0	0	0	2	2	0	0
CDK9	1025	0	0	0	0	-2	0	-2	0	0	0	0	0
CDR2L	30850	0	0	0	2	0	0	0	0	2	2	0	0
CDRT1	374286	0	0	0	-2	0	0	0	0	-2	0	0	0
CDRT15	146822	0	0	0	-2	0	0	0	0	-2	0	0	0
CDRT15P1	94158	0	0	0	-2	0	0	0	0	-2	0	0	0
CDRT15P2	644694	0	0	0	-2	0	0	0	0	-2	0	0	0
CDRT4	284040	0	0	0	-2	0	0	0	0	-2	0	0	0
CDRT7	94150	0	0	0	-2	0	0	0	0	-2	0	0	0
CELA1	1990	-2	-2	-2	0	0	0	-2	0	0	0	0	-2
CENPV	201161	0	0	0	-2	0	0	0	0	-2	0	0	0
CEP112	201134	0	0	0	2	0	0	0	0	2	2	0	0
CEP95	90799	0	0	0	2	0	0	0	0	2	2	0	0
CERCAM	51148	0	0	0	0	-2	0	-2	0	0	0	0	0
CERS5	91012	-2	-2	-2	0	0	0	-2	0	0	0	0	-2
CHAD	1101	0	0	0	2	0	0	0	0	2	2	0	0
CHD3	1107	0	0	0	-2	0	0	0	0	-2	0	0	0
CHMP6	79643	0	0	0	2	0	0	0	0	2	0	0	0
CHRNB1	1140	0	0	0	-2	0	0	0	0	-2	0	0	0
CHRNE	1145	0	0	0	-2	0	0	0	0	-2	0	0	0
CISD3	284106	0	0	0	2	0	0	0	0	2	0	0	0
CIZ1	25792	0	0	0	0	-2	0	-2	0	0	0	0	0
CLDN7	1366	0	0	0	-2	0	0	0	0	-2	0	0	0
CLEC10A	10462	0	0	0	-2	0	0	0	0	-2	0	0	0
CLTC	1213	0	0	0	2	0	0	0	0	2	2	0	0
CNP	1267	0	0	0	2	0	0	0	0	2	0	0	0
CNPY2	10330	-2	-2	-2	0	0	0	-2	0	0	0	0	-2
CNTD1	124817	0	0	0	2	0	0	0	0	2	0	0	0
CNTN1	1272	0	0	-2	0	0	0	0	0	0	0	0	-2
CNTNAP1	8506	0	0	0	2	0	0	0	0	2	0	0	0
CNTRL	11064	0	0	0	0	-2	0	-2	0	0	0	0	0
CNTROB	116840	0	0	0	-2	0	0	0	0	-2	0	0	0
COASY	80347	0	0	0	2	0	0	0	0	2	0	0	0
COG1	9382	0	0	0	2	0	0	0	0	2	2	0	0
COIL	8161	0	0	0	2	0	0	0	0	2	2	0	0
COL1A1	1277	0	0	0	2	0	0	0	0	2	2	0	0
COL27A1	85301	0	0	0	0	-2	0	-2	0	0	0	0	0
COL2A1	1280	-2	-2	-2	0	0	0	-2	0	0	0	0	-2
COPS3	8533	0	0	0	-2	0	0	0	0	-2	0	0	0
COPZ1	22818	-2	-2	-2	0	0	0	-2	0	0	0	0	-2
COPZ2	51226	0	0	0	2	0	0	0	0	2	2	0	0
COQ10A	93058	-2	-2	-2	0	0	0	-2	0	0	0	0	-2
COQ4	51117	0	0	0	0	-2	0	-2	0	0	0	0	0
CORO6	84940	0	0	0	2	0	0	0	0	2	0	0	0
COX10	1352	0	0	0	-2	0	0	0	0	-2	0	0	0
COX11	1353	0	0	0	2	0	0	0	0	2	0	0	0
CPD	1362	0	0	0	2	0	0	0	0	2	0	0	0
CPNE8	144402	0	0	-2	0	0	0	0	0	0	0	0	-2
CPSF4L	642843	0	0	0	2	0	0	0	0	2	2	0	0
CRB2	286204	0	0	0	0	-2	0	-2	0	0	0	0	0
CRHR1	1394	0	0	0	2	0	0	0	0	2	0	0	0
CRK	1398	0	0	0	-2	0	0	0	0	-2	0	0	0
CRLF3	51379	0	0	0	2	0	0	0	0	2	0	0	0
CRYBA1	1411	0	0	0	2	0	0	0	0	2	0	0	0
CS	1431	-2	-2	-2	0	0	0	-2	0	0	0	0	-2
CSAD	51380	-2	-2	-2	0	0	0	-2	0	0	0	0	-2
CSF3	1440	0	0	0	2	0	0	0	0	2	0	0	0
CSH1	1442	0	0	0	2	0	0	0	0	2	2	0	0
CSH2	1443	0	0	0	2	0	0	0	0	2	2	0	0
CSHL1	1444	0	0	0	2	0	0	0	0	2	2	0	0
CSNK1D	1453	0	0	0	2	0	0	0	0	2	0	0	0
CSRNP2	81566	-2	-2	-2	0	0	0	-2	0	0	0	0	-2
CTC1	80169	0	0	0	-2	0	0	0	0	-2	0	0	0
CTDNEP1	23399	0	0	0	-2	0	0	0	0	-2	0	0	0
CTDSP2	10106	-2	-2	-2	0	0	0	-2	0	0	0	0	-2
CTNS	1497	0	0	0	-2	0	0	0	0	-2	0	0	0
CUEDC1	404093	0	0	0	2	0	0	0	0	2	2	0	0
CWC25	54883	0	0	0	2	0	0	0	0	2	0	0	0
CXCL16	58191	0	0	0	-2	0	0	0	0	-2	0	0	0
CYB561	1534	0	0	0	2	0	0	0	0	2	2	0	0
CYB5D1	124637	0	0	0	-2	0	0	0	0	-2	0	0	0
CYB5D2	124936	0	0	0	-2	0	0	0	0	-2	0	0	0
CYGB	114757	0	0	0	2	0	0	0	0	2	0	0	0
CYP27B1	1594	-2	-2	-2	0	0	0	-2	0	0	0	0	-2
CYTH1	9267	0	0	0	2	0	0	0	0	2	0	0	0
DAB2IP	153090	0	0	0	0	-2	0	-2	0	0	0	0	0
DAZAP2	9802	-2	-2	-2	0	0	0	-2	0	0	0	0	-2
DBC1		0	0	0	0	-2	0	-2	0	0	0	0	0
DBF4B	80174	0	0	0	2	0	0	0	0	2	0	0	0
DBIL5P	100131454	0	0	0	-2	0	0	0	0	-2	0	0	0
DBX2	440097	0	-2	-2	0	0	0	-2	0	0	0	0	-2
DCAF7	10238	0	0	0	2	0	0	0	0	2	2	0	0
DCAKD	79877	0	0	0	2	0	0	0	0	2	0	0	0
DCD	117159	-2	-2	-2	0	0	0	-2	0	0	0	0	-2
DCTN2	10540	-2	-2	-2	0	0	0	-2	0	0	0	0	-2
DCXR	51181	0	0	0	2	0	0	0	0	2	0	0	0
DDIT3	1649	-2	-2	-2	0	0	0	-2	0	0	0	0	-2
DDN	23109	-2	-2	-2	0	0	0	-2	0	0	0	0	-2
DDX11	1663	0	0	0	2	0	0	0	0	2	0	0	0
DDX23	9416	-2	-2	-2	0	0	0	-2	0	0	0	0	-2
DDX42	11325	0	0	0	2	0	0	0	0	2	2	0	0
DDX5	1655	0	0	0	2	0	0	0	0	2	2	0	0
DDX52	11056	0	0	0	2	0	0	0	0	2	0	0	0
DENND1A	57706	0	0	0	0	-2	0	-2	0	0	0	0	0
DENND5B	160518	0	0	0	2	0	0	0	0	2	0	0	0
DERL2	51009	0	0	0	-2	0	0	0	0	-2	0	0	0
DFNB31	25861	0	0	0	0	-2	0	-2	0	0	0	0	0
DGKA	1606	-2	-2	-2	0	0	0	-2	0	0	0	0	-2
DGKE	8526	0	0	0	2	0	0	0	0	2	2	0	0
DHH	50846	-2	-2	-2	0	0	0	-2	0	0	0	0	-2
DHRS11	79154	0	0	0	2	0	0	0	0	2	0	0	0
DHRS13	147015	0	0	0	2	0	0	0	0	2	0	0	0
DHRS7C	201140	0	0	0	-2	0	0	0	0	-2	0	0	0
DHX33	56919	0	0	0	-2	0	0	0	0	-2	0	0	0
DHX40	79665	0	0	0	2	0	0	0	0	2	2	0	0
DHX58	79132	0	0	0	2	0	0	0	0	2	0	0	0
DHX8	1659	0	0	0	2	0	0	0	0	2	0	0	0
DIP2B	57609	-2	-2	-2	0	0	0	-2	0	0	0	0	-2
DLG4	1742	0	0	0	-2	0	0	0	0	-2	0	0	0
DLX3	1747	0	0	0	2	0	0	0	0	2	2	0	0
DLX4	1748	0	0	0	2	0	0	0	0	2	2	0	0
DNAH17	8632	0	0	0	2	0	0	0	0	2	0	0	0
DNAH2	146754	0	0	0	-2	0	0	0	0	-2	0	0	0
DNAH9	1770	0	0	0	-2	0	0	0	0	-2	0	0	0
DNAI2	64446	0	0	0	2	0	0	0	0	2	2	0	0
DNAJC14	85406	-2	-2	-2	0	0	0	-2	0	0	0	0	-2
DNAJC22	79962	-2	-2	-2	0	0	0	-2	0	0	0	0	-2
DNAJC7	7266	0	0	0	2	0	0	0	0	2	0	0	0
DNM1	1759	0	0	0	0	-2	0	-2	0	0	0	0	0
DNM1L	10059	0	0	0	2	0	0	0	0	2	0	0	0
DOC2B	8447	0	0	0	-2	0	0	0	0	-2	0	0	0
DPH1	1801	0	0	0	-2	0	0	0	0	-2	0	0	0
DPM2	8818	0	0	0	0	-2	0	-2	0	0	0	0	0
DPRXP4	503645	0	0	0	2	0	0	0	0	2	0	0	0
DPY19L2	283417	-2	-2	0	0	0	0	0	0	0	0	0	0
DRG2	1819	0	0	0	-2	0	0	0	0	-2	0	0	0
DTX3	196403	-2	-2	-2	0	0	0	-2	0	0	0	0	-2
DUS1L	64118	0	0	0	2	0	0	0	0	2	0	0	0
DUSP14	11072	0	0	0	2	0	0	0	0	2	0	0	0
DUSP3	1845	0	0	0	2	0	0	0	0	2	0	0	0
DVL2	1856	0	0	0	-2	0	0	0	0	-2	0	0	0
DYNLL2	140735	0	0	0	2	0	0	0	0	2	2	0	0
EFCAB3	146779	0	0	0	2	0	0	0	0	2	2	0	0
EFCAB5	374786	0	0	0	2	0	0	0	0	2	0	0	0
EFNB3	1949	0	0	0	-2	0	0	0	0	-2	0	0	0
EFTUD2	9343	0	0	0	2	0	0	0	0	2	0	0	0
EIF1	10209	0	0	0	2	0	0	0	0	2	0	0	0
EIF4A1	1973	0	0	0	-2	0	0	0	0	-2	0	0	0
EIF4A3	9775	0	0	0	2	0	0	0	0	2	0	0	0
EIF4B	1975	-2	-2	-2	0	0	0	-2	0	0	0	0	-2
EIF5A	1984	0	0	0	-2	0	0	0	0	-2	0	0	0
ELAC2	60528	0	0	0	-2	0	0	0	0	-2	0	0	0
EME1	146956	0	0	0	2	0	0	0	0	2	2	0	0
ENDOU	8909	-2	-2	-2	0	0	0	-2	0	0	0	0	-2
ENDOV	284131	0	0	0	2	0	0	0	0	2	0	0	0
ENG	2022	0	0	0	0	-2	0	-2	0	0	0	0	0
ENGASE	64772	0	0	0	2	0	0	0	0	2	0	0	0
ENO3	2027	0	0	0	-2	0	0	0	0	-2	0	0	0
ENPP7	339221	0	0	0	2	0	0	0	0	2	0	0	0
EPN3	55040	0	0	0	2	0	0	0	0	2	2	0	0
EPX	8288	0	0	0	2	0	0	0	0	2	2	0	0
ERAL1	26284	0	0	0	2	0	0	0	0	2	0	0	0
ERBB2	2064	0	0	0	2	0	0	0	0	2	0	0	0
ERBB3	2065	-2	-2	-2	0	0	0	-2	0	0	0	0	-2
ERGIC2	51290	0	0	0	2	0	0	0	0	2	0	0	0
ERN1	2081	0	0	0	2	0	0	0	0	2	2	0	0
ESPL1	9700	-2	-2	-2	0	0	0	-2	0	0	0	0	-2
ESYT1	23344	-2	-2	-2	0	0	0	-2	0	0	0	0	-2
ETV4	2118	0	0	0	2	0	0	0	0	2	0	0	0
EVI2A	2123	0	0	0	2	0	0	0	0	2	0	0	0
EVI2B	2124	0	0	0	2	0	0	0	0	2	0	0	0
EVPL	2125	0	0	0	2	0	0	0	0	2	0	0	0
EVPLL	645027	0	0	0	-2	0	0	0	0	-2	0	0	0
EXOC7	23265	0	0	0	2	0	0	0	0	2	0	0	0
EZH1	2145	0	0	0	2	0	0	0	0	2	0	0	0
FADS6	283985	0	0	0	2	0	0	0	0	2	2	0	0
FAIM2	23017	-2	-2	-2	0	0	0	-2	0	0	0	0	-2
FAM100B		0	0	0	2	0	0	0	0	2	0	0	0
FAM101B	359845	0	0	0	-2	0	0	0	0	-2	0	0	0
FAM102A	399665	0	0	0	0	-2	0	-2	0	0	0	0	0
FAM104A	84923	0	0	0	2	0	0	0	0	2	2	0	0
FAM106A	80039	0	0	0	-2	0	0	0	0	-2	0	0	0
FAM106CP	100129396	0	0	0	-2	0	0	0	0	-2	0	0	0
FAM113B		-2	-2	-2	0	0	0	-2	0	0	0	0	-2
FAM117A	81558	0	0	0	2	0	0	0	0	2	2	0	0
FAM125B		0	0	0	0	-2	0	-2	0	0	0	0	0
FAM129B	64855	0	0	0	0	-2	0	-2	0	0	0	0	0
FAM134C	162427	0	0	0	2	0	0	0	0	2	0	0	0
FAM171A2	284069	0	0	0	2	0	0	0	0	2	0	0	0
FAM186A	121006	-2	-2	-2	0	0	0	-2	0	0	0	0	-2
FAM186B	84070	-2	-2	-2	0	0	0	-2	0	0	0	0	-2
FAM18B2		0	0	0	-2	0	0	0	0	-2	0	0	0
FAM18B2-CDRT4		0	0	0	-2	0	0	0	0	-2	0	0	0
FAM195B	348262	0	0	0	2	0	0	0	0	2	0	0	0
FAM19A2	338811	-2	-2	0	0	0	0	0	0	0	0	0	0
FAM20A	54757	0	0	0	2	0	0	0	0	2	2	0	0
FAM211A		0	0	0	-2	0	0	0	0	-2	0	0	0
FAM215A	23591	0	0	0	2	0	0	0	0	2	0	0	0
FAM57A	79850	0	0	0	-2	0	0	0	0	-2	0	0	0
FAM60A	58516	0	0	0	2	0	0	0	0	2	0	0	0
FAM64A	54478	0	0	0	-2	0	0	0	0	-2	0	0	0
FAR2	55711	0	0	0	2	0	0	0	0	2	0	0	0
FASN	2194	0	0	0	2	0	0	0	0	2	0	0	0
FBF1	85302	0	0	0	2	0	0	0	0	2	2	0	0
FBXL20	84961	0	0	0	2	0	0	0	0	2	0	0	0
FBXO39	162517	0	0	0	-2	0	0	0	0	-2	0	0	0
FBXO47	494188	0	0	0	2	0	0	0	0	2	0	0	0
FBXW2	26190	0	0	0	0	-2	0	-2	0	0	0	0	0
FDXR	2232	0	0	0	2	0	0	0	0	2	2	0	0
FGD4	121512	0	0	0	2	0	0	0	0	2	0	0	0
FGF11	2256	0	0	0	-2	0	0	0	0	-2	0	0	0
FIGNL2	401720	-2	-2	-2	0	0	0	-2	0	0	0	0	-2
FKBP10	60681	0	0	0	2	0	0	0	0	2	0	0	0
FKBP11	51303	-2	-2	-2	0	0	0	-2	0	0	0	0	-2
FLCN	201163	0	0	0	-2	0	0	0	0	-2	0	0	0
FLII	2314	0	0	0	-2	0	0	0	0	-2	0	0	0
FLJ12825	440101	-2	-2	-2	0	0	0	-2	0	0	0	0	-2
FLJ13224	79857	0	0	0	2	0	0	0	0	2	0	0	0
FLJ34690		0	0	0	-2	0	0	0	0	-2	0	0	0
FLJ40194	124871	0	0	0	2	0	0	0	0	2	2	0	0
FLJ43681		0	0	0	2	0	0	0	0	2	0	0	0
FLJ43826		0	0	0	2	0	0	0	0	2	0	0	0
LINC01973	400624	0	0	0	2	0	0	0	0	2	0	0	0
FLJ45513	729220	0	0	0	2	0	0	0	0	2	2	0	0
FLJ90757		0	0	0	2	0	0	0	0	2	0	0	0
FLOT2	2319	0	0	0	2	0	0	0	0	2	0	0	0
FMNL1	752	0	0	0	2	0	0	0	0	2	0	0	0
FMNL3	91010	-2	-2	-2	0	0	0	-2	0	0	0	0	-2
FN3K	64122	0	0	0	2	0	0	0	0	2	0	0	0
FN3KRP	79672	0	0	0	2	0	0	0	0	2	0	0	0
FNDC8	54752	0	0	0	2	0	0	0	0	2	0	0	0
FOXJ1	2302	0	0	0	2	0	0	0	0	2	0	0	0
FOXK2	3607	0	0	0	2	0	0	0	0	2	0	0	0
FOXN1	8456	0	0	0	2	0	0	0	0	2	0	0	0
FPGS	2356	0	0	0	0	-2	0	-2	0	0	0	0	0
FSCN2	25794	0	0	0	2	0	0	0	0	2	0	0	0
FTSJ3	117246	0	0	0	2	0	0	0	0	2	2	0	0
FXR2	9513	0	0	0	-2	0	0	0	0	-2	0	0	0
FZD2	2535	0	0	0	2	0	0	0	0	2	0	0	0
G6PC	2538	0	0	0	2	0	0	0	0	2	0	0	0
G6PC3	92579	0	0	0	2	0	0	0	0	2	0	0	0
GAA	2548	0	0	0	2	0	0	0	0	2	0	0	0
GABARAP	11337	0	0	0	-2	0	0	0	0	-2	0	0	0
GALK1	2584	0	0	0	2	0	0	0	0	2	2	0	0
GALNT6	11226	-2	-2	-2	0	0	0	-2	0	0	0	0	-2
GALR2	8811	0	0	0	2	0	0	0	0	2	0	0	0
GAPVD1	26130	0	0	0	0	-2	0	-2	0	0	0	0	0
GARNL3	84253	0	0	0	0	-2	0	-2	0	0	0	0	0
GAS2L2	246176	0	0	0	2	0	0	0	0	2	0	0	0
GAS7	8522	0	0	0	-2	0	0	0	0	-2	0	0	0
GAST	2520	0	0	0	2	0	0	0	0	2	0	0	0
GCGR	2642	0	0	0	2	0	0	0	0	2	0	0	0
GDF11	10220	-2	-2	-2	0	0	0	-2	0	0	0	0	-2
GDPD1	284161	0	0	0	2	0	0	0	0	2	2	0	0
GEMIN4	50628	0	0	0	-2	0	0	0	0	-2	0	0	0
GFAP	2670	0	0	0	2	0	0	0	0	2	0	0	0
GGA3	23163	0	0	0	2	0	0	0	0	2	2	0	0
GGNBP2	79893	0	0	0	2	0	0	0	0	2	0	0	0
GGT6	124975	0	0	0	-2	0	0	0	0	-2	0	0	0
GGTA1P	2681	0	0	0	0	-2	0	-2	0	0	0	0	0
GH1	2688	0	0	0	2	0	0	0	0	2	2	0	0
GH2	2689	0	0	0	2	0	0	0	0	2	2	0	0
GHDC	84514	0	0	0	2	0	0	0	0	2	0	0	0
GIP	2695	0	0	0	2	0	0	0	0	2	2	0	0
GIT1	28964	0	0	0	2	0	0	0	0	2	0	0	0
GJC1	10052	0	0	0	2	0	0	0	0	2	0	0	0
GJD3	125111	0	0	0	2	0	0	0	0	2	0	0	0
GLI1	2735	-2	-2	-2	0	0	0	-2	0	0	0	0	-2
GLOD4	51031	0	0	0	-2	0	0	0	0	-2	0	0	0
GLP2R	9340	0	0	0	-2	0	0	0	0	-2	0	0	0
GLS2	27165	-2	-2	-2	0	0	0	-2	0	0	0	0	-2
GLTPD2	388323	0	0	0	-2	0	0	0	0	-2	0	0	0
GLYCAM1	644076	-2	-2	-2	0	0	0	-2	0	0	0	0	-2
GNA13	10672	0	0	0	2	0	0	0	0	2	2	0	0
GNGT2	2793	0	0	0	2	0	0	0	0	2	2	0	0
GOLGA1	2800	0	0	0	0	-2	0	-2	0	0	0	0	0
GOLGA2	2801	0	0	0	0	-2	0	-2	0	0	0	0	0
GOSR1	9527	0	0	0	2	0	0	0	0	2	0	0	0
GOSR2	9570	0	0	0	2	0	0	0	0	2	0	0	0
GP1BA	2811	0	0	0	-2	0	0	0	0	-2	0	0	0
GPATCH8	23131	0	0	0	2	0	0	0	0	2	0	0	0
GPD1	2819	-2	-2	-2	0	0	0	-2	0	0	0	0	-2
GPR142	350383	0	0	0	2	0	0	0	0	2	2	0	0
GPR144		0	0	0	0	-2	0	-2	0	0	0	0	0
GPR172B		0	0	0	-2	0	0	0	0	-2	0	0	0
GPR179	440435	0	0	0	2	0	0	0	0	2	0	0	0
GPR182	11318	-2	-2	-2	0	0	0	-2	0	0	0	0	-2
GPR21	2844	0	0	0	0	-2	0	-2	0	0	0	0	0
GPR84	53831	-2	-2	-2	0	0	0	-2	0	0	0	0	-2
GPRC5C	55890	0	0	0	2	0	0	0	0	2	2	0	0
GPS1	2873	0	0	0	2	0	0	0	0	2	0	0	0
GPS2	2874	0	0	0	-2	0	0	0	0	-2	0	0	0
GRASP	160622	-2	-2	-2	0	0	0	-2	0	0	0	0	-2
GRB2	2885	0	0	0	2	0	0	0	0	2	2	0	0
GRB7	2886	0	0	0	2	0	0	0	0	2	0	0	0
GRIN2C	2905	0	0	0	2	0	0	0	0	2	2	0	0
GRN	2896	0	0	0	2	0	0	0	0	2	0	0	0
GSDMA	284110	0	0	0	2	0	0	0	0	2	0	0	0
GSDMB	55876	0	0	0	2	0	0	0	0	2	0	0	0
GSG2	83903	0	0	0	-2	0	0	0	0	-2	0	0	0
GSN	2934	0	0	0	0	-2	0	-2	0	0	0	0	0
GTSF1	121355	-2	-2	-2	0	0	0	-2	0	0	0	0	-2
GUCY2D	3000	0	0	0	-2	0	0	0	0	-2	0	0	0
GXYLT1	283464	0	0	-2	0	0	0	0	0	0	0	0	-2
H1FNT	341567	-2	-2	-2	0	0	0	-2	0	0	0	0	-2
H3F3B	3021	0	0	0	2	0	0	0	0	2	2	0	0
H3F3C	440093	0	0	0	2	0	0	0	0	2	0	0	0
HAP1	9001	0	0	0	2	0	0	0	0	2	0	0	0
HCRT	3060	0	0	0	2	0	0	0	0	2	0	0	0
HDAC5	10014	0	0	0	2	0	0	0	0	2	0	0	0
HDAC7	51564	-2	-2	-2	0	0	0	-2	0	0	0	0	-2
HDX	139324	-2	0	-2	0	0	0	0	0	0	0	0	0
HEATR6	63897	0	0	0	2	0	0	0	0	2	2	0	0
HELZ	9931	0	0	0	2	0	0	0	0	2	2	0	0
HES7	84667	0	0	0	-2	0	0	0	0	-2	0	0	0
HEXDC	284004	0	0	0	2	0	0	0	0	2	0	0	0
HEXIM1	10614	0	0	0	2	0	0	0	0	2	0	0	0
HEXIM2	124790	0	0	0	2	0	0	0	0	2	0	0	0
HGS	9146	0	0	0	2	0	0	0	0	2	0	0	0
HIC1	3090	0	0	0	-2	0	0	0	0	-2	0	0	0
HIGD1B	51751	0	0	0	2	0	0	0	0	2	0	0	0
HIGD1C	613227	-2	-2	-2	0	0	0	-2	0	0	0	0	-2
HILS1	373861	0	0	0	2	0	0	0	0	2	2	0	0
HLF	3131	0	0	0	2	0	0	0	0	2	0	0	0
HN1	51155	0	0	0	2	0	0	0	0	2	2	0	0
HNF1B	6928	0	0	0	2	0	0	0	0	2	0	0	0
HNRNPA1	3178	-2	-2	-2	0	0	0	-2	0	0	0	0	-2
HNRNPA1P10	664709	-2	-2	-2	0	0	0	-2	0	0	0	0	-2
HOTAIR	100124700	-2	-2	-2	0	0	0	-2	0	0	0	0	-2
HOXB1	3211	0	0	0	2	0	0	0	0	2	2	0	0
HOXB13	10481	0	0	0	2	0	0	0	0	2	2	0	0
HOXB13AS1		0	0	0	2	0	0	0	0	2	2	0	0
HOXB2	3212	0	0	0	2	0	0	0	0	2	2	0	0
HOXB3	3213	0	0	0	2	0	0	0	0	2	2	0	0
HOXB4	3214	0	0	0	2	0	0	0	0	2	2	0	0
HOXB5	3215	0	0	0	2	0	0	0	0	2	2	0	0
HOXB6	3216	0	0	0	2	0	0	0	0	2	2	0	0
HOXB7	3217	0	0	0	2	0	0	0	0	2	2	0	0
HOXB8	3218	0	0	0	2	0	0	0	0	2	2	0	0
HOXB9	3219	0	0	0	2	0	0	0	0	2	2	0	0
HOXC10	3226	-2	-2	-2	0	0	0	-2	0	0	0	0	-2
HOXC11	3227	-2	-2	-2	0	0	0	-2	0	0	0	0	-2
HOXC12	3228	-2	-2	-2	0	0	0	-2	0	0	0	0	-2
HOXC13	3229	-2	-2	-2	0	0	0	-2	0	0	0	0	-2
HOXC4	3221	-2	-2	-2	0	0	0	-2	0	0	0	0	-2
HOXC5	3222	-2	-2	-2	0	0	0	-2	0	0	0	0	-2
HOXC6	3223	-2	-2	-2	0	0	0	-2	0	0	0	0	-2
HOXC8	3224	-2	-2	-2	0	0	0	-2	0	0	0	0	-2
HOXC9	3225	-2	-2	-2	0	0	0	-2	0	0	0	0	-2
HS3ST3A1	9955	0	0	0	-2	0	0	0	0	-2	0	0	0
HS3ST3B1	9953	0	0	0	-2	0	0	0	0	-2	0	0	0
hsa-let-7i		-2	-2	0	0	0	0	0	0	0	0	0	0
HSD17B1	3292	0	0	0	2	0	0	0	0	2	0	0	0
HSD17B6	8630	-2	-2	-2	0	0	0	-2	0	0	0	0	-2
HSF5	124535	0	0	0	2	0	0	0	0	2	2	0	0
HSPA5	3309	0	0	0	0	-2	0	-2	0	0	0	0	0
HSPB9	94086	0	0	0	2	0	0	0	0	2	0	0	0
ICAM2	3384	0	0	0	2	0	0	0	0	2	2	0	0
ICT1	3396	0	0	0	2	0	0	0	0	2	2	0	0
IFI35	3430	0	0	0	2	0	0	0	0	2	0	0	0
IFT20	90410	0	0	0	2	0	0	0	0	2	0	0	0
IGF2BP1	10642	0	0	0	2	0	0	0	0	2	2	0	0
IGFBP4	3487	0	0	0	2	0	0	0	0	2	0	0	0
IGFBP6	3489	-2	-2	-2	0	0	0	-2	0	0	0	0	-2
IKZF3	22806	0	0	0	2	0	0	0	0	2	0	0	0
IKZF4	64375	-2	-2	-2	0	0	0	-2	0	0	0	0	-2
IL23A	51561	-2	-2	-2	0	0	0	-2	0	0	0	0	-2
IMP5		0	0	0	2	0	0	0	0	2	0	0	0
INCA1	388324	0	0	0	-2	0	0	0	0	-2	0	0	0
INHBC	3626	-2	-2	-2	0	0	0	-2	0	0	0	0	-2
INHBE	83729	-2	-2	-2	0	0	0	-2	0	0	0	0	-2
INPP5K	51763	0	0	0	-2	0	0	0	0	-2	0	0	0
INTS2	57508	0	0	0	2	0	0	0	0	2	2	0	0
IPO8	10526	0	0	0	2	0	0	0	0	2	0	0	0
IRAK4	51135	0	0	-2	0	0	0	-2	0	0	0	0	-2
ITGA2B	3674	0	0	0	2	0	0	0	0	2	0	0	0
ITGA3	3675	0	0	0	2	0	0	0	0	2	2	0	0
ITGA5	3678	-2	-2	-2	0	0	0	-2	0	0	0	0	-2
ITGA7	3679	-2	-2	-2	0	0	0	-2	0	0	0	0	-2
ITGAE	3682	0	0	0	-2	0	0	0	0	-2	0	0	0
ITGB3	3690	0	0	0	2	0	0	0	0	2	2	0	0
ITGB4	3691	0	0	0	2	0	0	0	0	2	2	0	0
ITGB7	3695	-2	-2	-2	0	0	0	-2	0	0	0	0	-2
JMJD6	23210	0	0	0	2	0	0	0	0	2	0	0	0
JUP	3728	0	0	0	2	0	0	0	0	2	0	0	0
KANSL2	54934	-2	-2	-2	0	0	0	-2	0	0	0	0	-2
KAT2A	2648	0	0	0	2	0	0	0	0	2	0	0	0
KAT7	11143	0	0	0	2	0	0	0	0	2	2	0	0
KCNAB3	9196	0	0	0	-2	0	0	0	0	-2	0	0	0
KCNH3	23416	-2	-2	-2	0	0	0	-2	0	0	0	0	-2
KCNH4	23415	0	0	0	2	0	0	0	0	2	0	0	0
KCNH6	81033	0	0	0	2	0	0	0	0	2	2	0	0
KCNJ16	3773	0	0	0	2	0	0	0	0	2	2	0	0
KCNJ2	3759	0	0	0	2	0	0	0	0	2	2	0	0
KCNJ2-AS1	400617	0	0	0	2	0	0	0	0	2	2	0	0
KCTD11	147040	0	0	0	-2	0	0	0	0	-2	0	0	0
KCTD2	23510	0	0	0	2	0	0	0	0	2	2	0	0
KDM6B	23135	0	0	0	-2	0	0	0	0	-2	0	0	0
KIAA0100	9703	0	0	0	2	0	0	0	0	2	0	0	0
KIAA0195		0	0	0	2	0	0	0	0	2	2	0	0
KIAA0664		0	0	0	-2	0	0	0	0	-2	0	0	0
KIAA0748		-2	-2	-2	0	0	0	-2	0	0	0	0	-2
KIAA0753	9851	0	0	0	-2	0	0	0	0	-2	0	0	0
KIAA1267		0	0	0	2	0	0	0	0	2	0	0	0
KIF12	113220	0	0	0	0	-2	0	-2	0	0	0	0	0
KIF18B	146909	0	0	0	2	0	0	0	0	2	0	0	0
KIF19	124602	0	0	0	2	0	0	0	0	2	2	0	0
KIF1C	10749	0	0	0	-2	0	0	0	0	-2	0	0	0
KIF21A	55605	0	0	-2	0	0	0	0	0	0	0	0	-2
KIF2B	84643	0	0	0	2	0	0	0	0	2	0	0	0
KIF5A	3798	-2	-2	-2	0	0	0	-2	0	0	0	0	-2
KLHL10	317719	0	0	0	2	0	0	0	0	2	0	0	0
KLHL11	55175	0	0	0	2	0	0	0	0	2	0	0	0
KPNA2	3838	0	0	0	2	0	0	0	0	2	2	0	0
KPNB1	3837	0	0	0	2	0	0	0	0	2	2	0	0
KRBA2	124751	0	0	0	-2	0	0	0	0	-2	0	0	0
KRT1	3848	-2	-2	-2	0	0	0	-2	0	0	0	0	-2
KRT10	3858	0	0	0	2	0	0	0	0	2	0	0	0
KRT12	3859	0	0	0	2	0	0	0	0	2	0	0	0
KRT13	3860	0	0	0	2	0	0	0	0	2	0	0	0
KRT14	3861	0	0	0	2	0	0	0	0	2	0	0	0
KRT15	3866	0	0	0	2	0	0	0	0	2	0	0	0
KRT16	3868	0	0	0	2	0	0	0	0	2	0	0	0
KRT16P2	400578	0	0	0	-2	0	0	0	0	-2	0	0	0
KRT17	3872	0	0	0	2	0	0	0	0	2	0	0	0
KRT18	3875	-2	-2	-2	0	0	0	-2	0	0	0	0	-2
KRT18P55	284085	0	0	0	2	0	0	0	0	2	0	0	0
KRT19	3880	0	0	0	2	0	0	0	0	2	0	0	0
KRT2	3849	-2	-2	-2	0	0	0	-2	0	0	0	0	-2
KRT20	54474	0	0	0	2	0	0	0	0	2	0	0	0
KRT222	125113	0	0	0	2	0	0	0	0	2	0	0	0
KRT23	25984	0	0	0	2	0	0	0	0	2	0	0	0
KRT24	192666	0	0	0	2	0	0	0	0	2	0	0	0
KRT25	147183	0	0	0	2	0	0	0	0	2	0	0	0
KRT26	353288	0	0	0	2	0	0	0	0	2	0	0	0
KRT27	342574	0	0	0	2	0	0	0	0	2	0	0	0
KRT28	162605	0	0	0	2	0	0	0	0	2	0	0	0
KRT3	3850	-2	-2	-2	0	0	0	-2	0	0	0	0	-2
KRT31	3881	0	0	0	2	0	0	0	0	2	0	0	0
KRT32	3882	0	0	0	2	0	0	0	0	2	0	0	0
KRT33A	3883	0	0	0	2	0	0	0	0	2	0	0	0
KRT33B	3884	0	0	0	2	0	0	0	0	2	0	0	0
KRT34	3885	0	0	0	2	0	0	0	0	2	0	0	0
KRT35	3886	0	0	0	2	0	0	0	0	2	0	0	0
KRT36	8689	0	0	0	2	0	0	0	0	2	0	0	0
KRT37	8688	0	0	0	2	0	0	0	0	2	0	0	0
KRT38	8687	0	0	0	2	0	0	0	0	2	0	0	0
KRT39	390792	0	0	0	2	0	0	0	0	2	0	0	0
KRT4	3851	-2	-2	-2	0	0	0	-2	0	0	0	0	-2
KRT40	125115	0	0	0	2	0	0	0	0	2	0	0	0
KRT42P	284116	0	0	0	2	0	0	0	0	2	0	0	0
KRT5	3852	-2	-2	-2	0	0	0	-2	0	0	0	0	-2
KRT6A	3853	-2	-2	-2	0	0	0	-2	0	0	0	0	-2
KRT6B	3854	-2	-2	-2	0	0	0	-2	0	0	0	0	-2
KRT6C	286887	-2	-2	-2	0	0	0	-2	0	0	0	0	-2
KRT7	3855	-2	-2	-2	0	0	0	-2	0	0	0	0	-2
KRT71	112802	-2	-2	-2	0	0	0	-2	0	0	0	0	-2
KRT72	140807	-2	-2	-2	0	0	0	-2	0	0	0	0	-2
KRT73	319101	-2	-2	-2	0	0	0	-2	0	0	0	0	-2
KRT74	121391	-2	-2	-2	0	0	0	-2	0	0	0	0	-2
KRT75	9119	-2	-2	-2	0	0	0	-2	0	0	0	0	-2
KRT76	51350	-2	-2	-2	0	0	0	-2	0	0	0	0	-2
KRT77	374454	-2	-2	-2	0	0	0	-2	0	0	0	0	-2
KRT78	196374	-2	-2	-2	0	0	0	-2	0	0	0	0	-2
KRT79	338785	-2	-2	-2	0	0	0	-2	0	0	0	0	-2
KRT8	3856	-2	-2	-2	0	0	0	-2	0	0	0	0	-2
KRT80	144501	-2	-2	-2	0	0	0	-2	0	0	0	0	-2
KRT81	3887	-2	-2	-2	0	0	0	-2	0	0	0	0	-2
KRT82	3888	-2	-2	-2	0	0	0	-2	0	0	0	0	-2
KRT83	3889	-2	-2	-2	0	0	0	-2	0	0	0	0	-2
KRT84	3890	-2	-2	-2	0	0	0	-2	0	0	0	0	-2
KRT85	3891	-2	-2	-2	0	0	0	-2	0	0	0	0	-2
KRT86	3892	-2	-2	-2	0	0	0	-2	0	0	0	0	-2
KRT9	3857	0	0	0	2	0	0	0	0	2	0	0	0
KRTAP1-1	81851	0	0	0	2	0	0	0	0	2	0	0	0
KRTAP1-3	81850	0	0	0	2	0	0	0	0	2	0	0	0
KRTAP1-5	83895	0	0	0	2	0	0	0	0	2	0	0	0
KRTAP16-1	100505753	0	0	0	2	0	0	0	0	2	0	0	0
KRTAP17-1	83902	0	0	0	2	0	0	0	0	2	0	0	0
KRTAP2-1	81872	0	0	0	2	0	0	0	0	2	0	0	0
KRTAP2-2	728279	0	0	0	2	0	0	0	0	2	0	0	0
KRTAP2-4	85294	0	0	0	2	0	0	0	0	2	0	0	0
KRTAP3-1	83896	0	0	0	2	0	0	0	0	2	0	0	0
KRTAP3-2	83897	0	0	0	2	0	0	0	0	2	0	0	0
KRTAP3-3	85293	0	0	0	2	0	0	0	0	2	0	0	0
KRTAP4-1	85285	0	0	0	2	0	0	0	0	2	0	0	0
KRTAP4-11	653240	0	0	0	2	0	0	0	0	2	0	0	0
KRTAP4-12	83755	0	0	0	2	0	0	0	0	2	0	0	0
KRTAP4-2	85291	0	0	0	2	0	0	0	0	2	0	0	0
KRTAP4-3	85290	0	0	0	2	0	0	0	0	2	0	0	0
KRTAP4-4	84616	0	0	0	2	0	0	0	0	2	0	0	0
KRTAP4-5	85289	0	0	0	2	0	0	0	0	2	0	0	0
KRTAP4-6	81871	0	0	0	2	0	0	0	0	2	0	0	0
KRTAP4-7	100132476	0	0	0	2	0	0	0	0	2	0	0	0
KRTAP4-8	728224	0	0	0	2	0	0	0	0	2	0	0	0
KRTAP4-9	100132386	0	0	0	2	0	0	0	0	2	0	0	0
KRTAP9-1	728318	0	0	0	2	0	0	0	0	2	0	0	0
KRTAP9-2	83899	0	0	0	2	0	0	0	0	2	0	0	0
KRTAP9-3	83900	0	0	0	2	0	0	0	0	2	0	0	0
KRTAP9-4	85280	0	0	0	2	0	0	0	0	2	0	0	0
KRTAP9-8	83901	0	0	0	2	0	0	0	0	2	0	0	0
KRTAP9-9	81870	0	0	0	2	0	0	0	0	2	0	0	0
KSR1	8844	0	0	0	2	0	0	0	0	2	0	0	0
LACRT	90070	-2	-2	-2	0	0	0	-2	0	0	0	0	-2
LALBA	3906	-2	-2	-2	0	0	0	-2	0	0	0	0	-2
LARP4	113251	-2	-2	-2	0	0	0	-2	0	0	0	0	-2
LASP1	3927	0	0	0	2	0	0	0	0	2	0	0	0
LCN2	3934	0	0	0	0	-2	0	-2	0	0	0	0	0
LEPREL4		0	0	0	2	0	0	0	0	2	0	0	0
LETMD1	25875	-2	-2	-2	0	0	0	-2	0	0	0	0	-2
LGALS3BP	3959	0	0	0	2	0	0	0	0	2	0	0	0
LGALS9	3965	0	0	0	2	0	0	0	0	2	0	0	0
LGALS9C	654346	0	0	0	-2	0	0	0	0	-2	0	0	0
LHX1	3975	0	0	0	2	0	0	0	0	2	0	0	0
LHX2	9355	0	0	0	0	-2	0	-2	0	0	0	0	0
LHX6	26468	0	0	0	0	-2	0	-2	0	0	0	0	0
LIG3	3980	0	0	0	2	0	0	0	0	2	0	0	0
LIMA1	51474	-2	-2	-2	0	0	0	-2	0	0	0	0	-2
LIMD2	80774	0	0	0	2	0	0	0	0	2	2	0	0
LINC00324	284029	0	0	0	-2	0	0	0	0	-2	0	0	0
LINC00338		0	0	0	2	0	0	0	0	2	0	0	0
LINC00469	283982	0	0	0	2	0	0	0	0	2	2	0	0
LINC00474	58483	0	0	0	0	-2	0	-2	0	0	0	0	0
LINC00482	284185	0	0	0	2	0	0	0	0	2	0	0	0
LINC00483	55018	0	0	0	2	0	0	0	0	2	2	0	0
LINC00511	400619	0	0	0	2	0	0	0	0	2	2	0	0
LLGL1	3996	0	0	0	-2	0	0	0	0	-2	0	0	0
LLGL2	3993	0	0	0	2	0	0	0	0	2	2	0	0
LMBR1L	55716	-2	-2	-2	0	0	0	-2	0	0	0	0	-2
LMX1B	4010	0	0	0	0	-2	0	-2	0	0	0	0	0
LOC100128288	100128288	0	0	0	-2	0	0	0	0	-2	0	0	0
LOC100128505		0	0	0	0	-2	0	-2	0	0	0	0	0
LOC100128977		0	0	0	2	0	0	0	0	2	0	0	0
LOC100129034	100129034	0	0	0	0	-2	0	-2	0	0	0	0	0
LOC100130148		0	0	0	2	0	0	0	0	2	0	0	0
LOC100130581		0	0	0	2	0	0	0	0	2	0	0	0
LOC100130776		-2	-2	-2	0	0	0	-2	0	0	0	0	-2
ZNF594-DT	100130950	0	0	0	-2	0	0	0	0	-2	0	0	0
LOC100131096		0	0	0	2	0	0	0	0	2	0	0	0
RDM1P5	100131347	0	0	0	2	0	0	0	0	2	0	0	0
LOC100133991		0	0	0	2	0	0	0	0	2	0	0	0
LOC100190938		0	0	0	2	0	0	0	0	2	0	0	0
LOC100233209		-2	-2	-2	0	0	0	-2	0	0	0	0	-2
LOC100240734	100240734	-2	-2	-2	0	0	0	-2	0	0	0	0	-2
LOC100240735	100240735	-2	-2	-2	0	0	0	-2	0	0	0	0	-2
LOC100286844		-2	-2	-2	0	0	0	-2	0	0	0	0	-2
LOC100287042	100287042	0	0	0	2	0	0	0	0	2	2	0	0
LOC100287314		0	0	0	2	0	0	0	0	2	0	0	0
B3GALT9	100288842	0	0	0	0	-2	0	-2	0	0	0	0	0
LOC100289019		0	0	0	0	-2	0	-2	0	0	0	0	0
LOC100289255		0	0	0	-2	0	0	0	0	-2	0	0	0
LOC100294362	100294362	0	0	0	2	0	0	0	0	2	0	0	0
LOC100306951		0	0	0	-2	0	0	0	0	-2	0	0	0
LOC100335030	100335030	-2	-2	-2	0	0	0	-2	0	0	0	0	-2
LOC100499466		0	0	0	2	0	0	0	0	2	2	0	0
LOC100499467		0	0	0	2	0	0	0	0	2	2	0	0
TEX48	100505478	0	0	0	0	-2	0	-2	0	0	0	0	0
LOC100505576		0	0	0	2	0	0	0	0	2	0	0	0
LOC100505782	100505782	0	0	0	2	0	0	0	0	2	0	0	0
RPH3AL-AS1	100506388	0	0	0	-2	0	0	0	0	-2	0	0	0
LOC100506650		0	0	0	2	0	0	0	0	2	0	0	0
LOC100506660		0	0	0	2	0	0	0	0	2	0	0	0
LOC100506713		0	0	0	-2	0	0	0	0	-2	0	0	0
LOC100506779		0	0	0	2	0	0	0	0	2	2	0	0
GIHCG	100506844	-2	-2	-2	0	0	0	-2	0	0	0	0	-2
LOC100507218		0	0	0	2	0	0	0	0	2	0	0	0
LOC100507246		0	0	0	2	0	0	0	0	2	0	0	0
LOC100507351	100507351	0	0	0	2	0	0	0	0	2	0	0	0
LOC100507410		0	0	0	2	0	0	0	0	2	0	0	0
LOC100652999	100652999	-2	-2	-2	0	0	0	-2	0	0	0	0	-2
LOC100653515		0	0	0	2	0	0	0	0	2	0	0	0
ARHGAP27P1	146880	0	0	0	2	0	0	0	0	2	2	0	0
LOC147093		0	0	0	2	0	0	0	0	2	0	0	0
LOC253039		0	0	0	0	-2	0	-2	0	0	0	0	0
LOC253962		0	0	0	2	0	0	0	0	2	2	0	0
LOC255411		-2	-2	-2	0	0	0	-2	0	0	0	0	-2
LINC02396	283332	-2	-2	-2	0	0	0	-2	0	0	0	0	-2
TNS2-AS1	283335	-2	-2	-2	0	0	0	-2	0	0	0	0	-2
LOC283403		-2	-2	-2	0	0	0	-2	0	0	0	0	-2
LOC283404		-2	-2	-2	0	0	0	-2	0	0	0	0	-2
LOC284009	284009	0	0	0	-2	0	0	0	0	-2	0	0	0
RNF227	284023	0	0	0	-2	0	0	0	0	-2	0	0	0
PICART1	284080	0	0	0	2	0	0	0	0	2	2	0	0
LOC284100		0	0	0	2	0	0	0	0	2	0	0	0
LOC339166	339166	0	0	0	-2	0	0	0	0	-2	0	0	0
LOC339240		0	0	0	-2	0	0	0	0	-2	0	0	0
LOC388387		0	0	0	2	0	0	0	0	2	0	0	0
PTGES2-AS1		0	0	0	0	-2	0	-2	0	0	0	0	0
LOC400027		-2	-2	-2	0	0	0	-2	0	0	0	0	-2
LOC400043	400043	-2	-2	-2	0	0	0	-2	0	0	0	0	-2
LOC400604		0	0	0	2	0	0	0	0	2	0	0	0
LINC02092	400620	0	0	0	2	0	0	0	0	2	2	0	0
LOC404266		0	0	0	2	0	0	0	0	2	2	0	0
LOC440434	440434	0	0	0	2	0	0	0	0	2	0	0	0
ARHGAP27P2	440461	0	0	0	2	0	0	0	0	2	2	0	0
MAPK8IP1P2	644172	0	0	0	2	0	0	0	0	2	0	0	0
LOC644246		0	0	0	2	0	0	0	0	2	0	0	0
LOC645638		0	0	0	2	0	0	0	0	2	2	0	0
LOC653653	653653	0	0	0	2	0	0	0	0	2	2	0	0
LOC728392	728392	0	0	0	-2	0	0	0	0	-2	0	0	0
LOC729683	729683	0	0	0	2	0	0	0	0	2	2	0	0
LOC730755		0	0	0	2	0	0	0	0	2	0	0	0
LPO	4025	0	0	0	2	0	0	0	0	2	2	0	0
LRIG3	121227	-2	-2	-2	0	0	0	0	0	0	0	0	0
LRP1	4035	-2	-2	-2	0	0	0	-2	0	0	0	0	-2
LRRC37A	105376839	0	0	0	2	0	0	0	0	2	0	0	0
LRRC37A2	474170	0	0	0	2	0	0	0	0	2	0	0	0
LRRC37A3	374819	0	0	0	2	0	0	0	0	2	2	0	0
LRRC37A4		0	0	0	2	0	0	0	0	2	0	0	0
LRRC37B	114659	0	0	0	2	0	0	0	0	2	0	0	0
LRRC37BP1	147172	0	0	0	2	0	0	0	0	2	0	0	0
LRRC3C	100505591	0	0	0	2	0	0	0	0	2	0	0	0
LRRC45	201255	0	0	0	2	0	0	0	0	2	0	0	0
LRRC46	90506	0	0	0	2	0	0	0	0	2	2	0	0
LRRC48		0	0	0	-2	0	0	0	0	-2	0	0	0
LRRC59	55379	0	0	0	2	0	0	0	0	2	2	0	0
LRRIQ1	84125	-2	0	0	0	0	0	0	0	0	0	-2	0
LRRK2	120892	0	0	-2	0	0	0	0	0	0	0	0	-2
LRSAM1	90678	0	0	0	0	-2	0	-2	0	0	0	0	0
LSM12	124801	0	0	0	2	0	0	0	0	2	0	0	0
LSMD1		0	0	0	-2	0	0	0	0	-2	0	0	0
LUC7L3	51747	0	0	0	2	0	0	0	0	2	2	0	0
LYZL6	57151	0	0	0	2	0	0	0	0	2	0	0	0
MAFG	4097	0	0	0	2	0	0	0	0	2	0	0	0
MAFGAS1		0	0	0	2	0	0	0	0	2	0	0	0
MAP2K4	6416	0	0	0	-2	0	0	0	0	-2	0	0	0
MAP2K6	5608	0	0	0	2	0	0	0	0	2	2	0	0
MAP3K12	7786	-2	-2	-2	0	0	0	-2	0	0	0	0	-2
MAP3K14	9020	0	0	0	2	0	0	0	0	2	0	0	0
MAP3K3	4215	0	0	0	2	0	0	0	0	2	2	0	0
MAPKAP1	79109	0	0	0	0	-2	0	-2	0	0	0	0	0
MAPT	4137	0	0	0	2	0	0	0	0	2	0	0	0
MARS	4141	-2	-2	-2	0	0	0	-2	0	0	0	0	-2
MBD6	114785	-2	-2	-2	0	0	0	-2	0	0	0	0	-2
MBTD1	54799	0	0	0	2	0	0	0	0	2	0	0	0
MCRS1	10445	-2	-2	-2	0	0	0	-2	0	0	0	0	-2
MED1	5469	0	0	0	2	0	0	0	0	2	0	0	0
MED11	400569	0	0	0	-2	0	0	0	0	-2	0	0	0
MED13	9969	0	0	0	2	0	0	0	0	2	2	0	0
MED24	9862	0	0	0	2	0	0	0	0	2	0	0	0
MED31	51003	0	0	0	-2	0	0	0	0	-2	0	0	0
MED9	55090	0	0	0	-2	0	0	0	0	-2	0	0	0
MEGF9	1955	0	0	0	0	-2	0	-2	0	0	0	0	0
MEIS3P1	4213	0	0	0	-2	0	0	0	0	-2	0	0	0
MEOX1	4222	0	0	0	2	0	0	0	0	2	0	0	0
METRNL	284207	0	0	0	2	0	0	0	0	2	0	0	0
METTL1	4234	-2	-2	-2	0	0	0	-2	0	0	0	0	-2
METTL16	79066	0	0	0	-2	0	0	0	0	-2	0	0	0
METTL20		0	0	0	2	0	0	0	0	2	0	0	0
METTL21B	25895	-2	-2	-2	0	0	0	-2	0	0	0	0	-2
METTL23	124512	0	0	0	2	0	0	0	0	2	0	0	0
METTL2A	339175	0	0	0	2	0	0	0	0	2	2	0	0
METTL7A	25840	-2	-2	-2	0	0	0	-2	0	0	0	0	-2
METTL7B	196410	-2	-2	-2	0	0	0	-2	0	0	0	0	-2
MFSD11	79157	0	0	0	2	0	0	0	0	2	0	0	0
MFSD5	84975	-2	-2	-2	0	0	0	-2	0	0	0	0	-2
MFSD6L	162387	0	0	0	-2	0	0	0	0	-2	0	0	0
MGAT4C	25834	-2	0	0	0	0	0	0	0	0	0	-2	0
MGAT5B	146664	0	0	0	2	0	0	0	0	2	0	0	0
MGC12916	84815	0	0	0	-2	0	0	0	0	-2	0	0	0
MGC16275	85001	0	0	0	2	0	0	0	0	2	2	0	0
MGC57346	401884	0	0	0	2	0	0	0	0	2	0	0	0
MIEN1	84299	0	0	0	2	0	0	0	0	2	0	0	0
MIF4GD	57409	0	0	0	2	0	0	0	0	2	2	0	0
MILR1	284021	0	0	0	2	0	0	0	0	2	2	0	0
MINK1	50488	0	0	0	-2	0	0	0	0	-2	0	0	0
MIP	4284	-2	-2	-2	0	0	0	-2	0	0	0	0	-2
MIR10A	406902	0	0	0	2	0	0	0	0	2	2	0	0
MIR1203	100302211	0	0	0	2	0	0	0	0	2	2	0	0
MIR1228	100302201	-2	-2	-2	0	0	0	-2	0	0	0	0	-2
MIR1250	100302229	0	0	0	2	0	0	0	0	2	0	0	0
MIR1253	100302208	0	0	0	-2	0	0	0	0	-2	0	0	0
MIR1288	100302124	0	0	0	-2	0	0	0	0	-2	0	0	0
MIR1291	100302221	-2	-2	-2	0	0	0	-2	0	0	0	0	-2
MIR1293	100302220	-2	-2	-2	0	0	0	-2	0	0	0	0	-2
MIR132	406921	0	0	0	-2	0	0	0	0	-2	0	0	0
MIR142	406934	0	0	0	2	0	0	0	0	2	2	0	0
MIR144	406936	0	0	0	2	0	0	0	0	2	0	0	0
MIR147A	406939	0	0	0	0	-2	0	-2	0	0	0	0	0
MIR148B	442892	-2	-2	-2	0	0	0	-2	0	0	0	0	-2
MIR152	406943	0	0	0	2	0	0	0	0	2	2	0	0
MIR181A2	406954	0	0	0	0	-2	0	-2	0	0	0	0	0
MIR181A2HG	100379345	0	0	0	0	-2	0	-2	0	0	0	0	0
MIR181B2	406956	0	0	0	0	-2	0	-2	0	0	0	0	0
MIR193A	406968	0	0	0	2	0	0	0	0	2	0	0	0
MIR195	406971	0	0	0	-2	0	0	0	0	-2	0	0	0
MIR196A1	406972	0	0	0	2	0	0	0	0	2	2	0	0
MIR196A2	406973	-2	-2	-2	0	0	0	-2	0	0	0	0	-2
MIR199B	406978	0	0	0	0	-2	0	-2	0	0	0	0	0
MIR21	406991	0	0	0	2	0	0	0	0	2	2	0	0
MIR2117	100313779	0	0	0	2	0	0	0	0	2	0	0	0
MIR212	406994	0	0	0	-2	0	0	0	0	-2	0	0	0
MIR219-2		0	0	0	0	-2	0	-2	0	0	0	0	0
MIR22	407004	0	0	0	-2	0	0	0	0	-2	0	0	0
MIR22HG	84981	0	0	0	-2	0	0	0	0	-2	0	0	0
MIR26A2	407016	-2	-2	-2	0	0	0	-2	0	0	0	0	-2
MIR2861	100422910	0	0	0	0	-2	0	-2	0	0	0	0	0
MIR2909	100422969	0	0	0	2	0	0	0	0	2	0	0	0
MIR2964A		0	0	0	0	-2	0	-2	0	0	0	0	0
MIR301A	407027	0	0	0	2	0	0	0	0	2	2	0	0
MIR3064	100616387	0	0	0	2	0	0	0	0	2	2	0	0
MIR3065	100422915	0	0	0	2	0	0	0	0	2	0	0	0
MIR3154	100422893	0	0	0	0	-2	0	-2	0	0	0	0	0
MIR3183	100422835	0	0	0	-2	0	0	0	0	-2	0	0	0
MIR3184	100423003	0	0	0	2	0	0	0	0	2	0	0	0
MIR3185	100422978	0	0	0	2	0	0	0	0	2	2	0	0
MIR3186	100422944	0	0	0	2	0	0	0	0	2	0	0	0
MIR3198-2	100616400	-2	-2	-2	0	0	0	-2	0	0	0	0	-2
MIR324	442898	0	0	0	-2	0	0	0	0	-2	0	0	0
MIR338	442906	0	0	0	2	0	0	0	0	2	0	0	0
MIR33B	693120	0	0	0	-2	0	0	0	0	-2	0	0	0
MIR3614	100500827	0	0	0	2	0	0	0	0	2	2	0	0
MIR3615	100500847	0	0	0	2	0	0	0	0	2	2	0	0
MIR365B	100126356	0	0	0	2	0	0	0	0	2	0	0	0
MIR3676		0	0	0	-2	0	0	0	0	-2	0	0	0
MIR3678	100500841	0	0	0	2	0	0	0	0	2	2	0	0
MIR3911	100500872	0	0	0	0	-2	0	-2	0	0	0	0	0
MIR3960	100616250	0	0	0	0	-2	0	-2	0	0	0	0	0
MIR423	494335	0	0	0	2	0	0	0	0	2	0	0	0
MIR4314	100422983	0	0	0	-2	0	0	0	0	-2	0	0	0
MIR4315-1	100423004	0	0	0	2	0	0	0	0	2	0	0	0
MIR4315-2	100422961	0	0	0	2	0	0	0	0	2	0	0	0
MIR4316	100422851	0	0	0	2	0	0	0	0	2	0	0	0
MIR4478	100616312	0	0	0	0	-2	0	-2	0	0	0	0	0
MIR451A	574411	0	0	0	2	0	0	0	0	2	0	0	0
MIR451B	100616273	0	0	0	2	0	0	0	0	2	0	0	0
MIR4520A		0	0	0	-2	0	0	0	0	-2	0	0	0
MIR4520B		0	0	0	-2	0	0	0	0	-2	0	0	0
MIR4521	100616406	0	0	0	-2	0	0	0	0	-2	0	0	0
MIR4523	100616122	0	0	0	2	0	0	0	0	2	0	0	0
MIR4524A	100616316	0	0	0	2	0	0	0	0	2	2	0	0
MIR454	768216	0	0	0	2	0	0	0	0	2	2	0	0
MIR455	619556	0	0	0	0	-2	0	-2	0	0	0	0	0
MIR4672	100616429	0	0	0	0	-2	0	-2	0	0	0	0	0
MIR4698	100616486	-2	-2	-2	0	0	0	-2	0	0	0	0	-2
MIR4701	100616262	-2	-2	-2	0	0	0	-2	0	0	0	0	-2
MIR4723	100616388	0	0	0	2	0	0	0	0	2	0	0	0
MIR4724	100616248	0	0	0	2	0	0	0	0	2	0	0	0
MIR4725	100616449	0	0	0	2	0	0	0	0	2	0	0	0
MIR4726	100616153	0	0	0	2	0	0	0	0	2	0	0	0
MIR4727	100616416	0	0	0	2	0	0	0	0	2	0	0	0
MIR4728	100616132	0	0	0	2	0	0	0	0	2	0	0	0
MIR4729	100616204	0	0	0	2	0	0	0	0	2	2	0	0
MIR4730	100616359	0	0	0	2	0	0	0	0	2	0	0	0
MIR4731	100616125	0	0	0	-2	0	0	0	0	-2	0	0	0
MIR4732	100616385	0	0	0	2	0	0	0	0	2	0	0	0
MIR4733	100616266	0	0	0	2	0	0	0	0	2	0	0	0
MIR4734	100616203	0	0	0	2	0	0	0	0	2	0	0	0
MIR4736	100616220	0	0	0	2	0	0	0	0	2	2	0	0
MIR4737	100616210	0	0	0	2	0	0	0	0	2	2	0	0
MIR4738	100616282	0	0	0	2	0	0	0	0	2	2	0	0
MIR4739	100616170	0	0	0	2	0	0	0	0	2	0	0	0
MIR4740	100616294	0	0	0	2	0	0	0	0	2	0	0	0
MIR497	574456	0	0	0	-2	0	0	0	0	-2	0	0	0
MIR497HG	100506755	0	0	0	-2	0	0	0	0	-2	0	0	0
MIR5047	100616408	0	0	0	2	0	0	0	0	2	2	0	0
MIR548AL	100616215	-2	0	0	0	0	0	0	0	0	0	-2	0
MIR548W	100422923	0	0	0	2	0	0	0	0	2	2	0	0
MIR600	693185	0	0	0	0	-2	0	-2	0	0	0	0	0
MIR600HG	81571	0	0	0	0	-2	0	-2	0	0	0	0	0
MIR601	693186	0	0	0	0	-2	0	-2	0	0	0	0	0
MIR615	693200	-2	-2	-2	0	0	0	-2	0	0	0	0	-2
MIR632	693217	0	0	0	2	0	0	0	0	2	0	0	0
MIR634	693219	0	0	0	2	0	0	0	0	2	2	0	0
MIR635	693220	0	0	0	2	0	0	0	0	2	2	0	0
MIR636	693221	0	0	0	2	0	0	0	0	2	0	0	0
MIR657	724027	0	0	0	2	0	0	0	0	2	0	0	0
MIR744	100126313	0	0	0	-2	0	0	0	0	-2	0	0	0
MIRLET7I	406891	-2	-2	0	0	0	0	0	0	0	0	0	0
MIS12	79003	0	0	0	-2	0	0	0	0	-2	0	0	0
MKRN9P	400058	-2	0	0	0	0	0	0	0	0	0	-2	0
MKS1	54903	0	0	0	2	0	0	0	0	2	2	0	0
MLL2		-2	-2	-2	0	0	0	-2	0	0	0	0	-2
MLLT6	4302	0	0	0	2	0	0	0	0	2	0	0	0
MLX	6945	0	0	0	2	0	0	0	0	2	0	0	0
MMD	23531	0	0	0	2	0	0	0	0	2	0	0	0
MMP19	4327	-2	-2	-2	0	0	0	-2	0	0	0	0	-2
MMP28	79148	0	0	0	2	0	0	0	0	2	0	0	0
MNT	4335	0	0	0	-2	0	0	0	0	-2	0	0	0
MON2	23041	-2	-2	0	0	0	0	0	0	0	0	0	0
MORN5	254956	0	0	0	0	-2	0	-2	0	0	0	0	0
MPDU1	9526	0	0	0	-2	0	0	0	0	-2	0	0	0
MPO	4353	0	0	0	2	0	0	0	0	2	2	0	0
MPP2	4355	0	0	0	2	0	0	0	0	2	0	0	0
MPP3	4356	0	0	0	2	0	0	0	0	2	0	0	0
MPRIP	23164	0	0	0	-2	0	0	0	0	-2	0	0	0
MRC2	9902	0	0	0	2	0	0	0	0	2	2	0	0
MRM1	79922	0	0	0	2	0	0	0	0	2	0	0	0
MRPL10	124995	0	0	0	2	0	0	0	0	2	2	0	0
MRPL12	6182	0	0	0	2	0	0	0	0	2	0	0	0
MRPL27	51264	0	0	0	2	0	0	0	0	2	2	0	0
MRPL38	64978	0	0	0	2	0	0	0	0	2	2	0	0
MRPL45	84311	0	0	0	2	0	0	0	0	2	0	0	0
MRPL45P2	653479	0	0	0	2	0	0	0	0	2	2	0	0
MRPS23	51649	0	0	0	2	0	0	0	0	2	2	0	0
MRPS7	51081	0	0	0	2	0	0	0	0	2	2	0	0
MRRF	92399	0	0	0	0	-2	0	-2	0	0	0	0	0
MSI2	124540	0	0	0	2	0	0	0	0	2	2	0	0
MSL1	339287	0	0	0	2	0	0	0	0	2	0	0	0
MSX2P1	55545	0	0	0	2	0	0	0	0	2	2	0	0
MTMR4	9110	0	0	0	2	0	0	0	0	2	2	0	0
MTVR2	246754	0	0	0	2	0	0	0	0	2	2	0	0
MUCL1	118430	-2	-2	-2	0	0	0	-2	0	0	0	0	-2
MXRA7	439921	0	0	0	2	0	0	0	0	2	0	0	0
MYADML2	255275	0	0	0	2	0	0	0	0	2	0	0	0
MYBBP1A	10514	0	0	0	-2	0	0	0	0	-2	0	0	0
MYCBPAP	84073	0	0	0	2	0	0	0	0	2	2	0	0
MYH1	4619	0	0	0	-2	0	0	0	0	-2	0	0	0
MYH10	4628	0	0	0	-2	0	0	0	0	-2	0	0	0
MYH13	8735	0	0	0	-2	0	0	0	0	-2	0	0	0
MYH2	4620	0	0	0	-2	0	0	0	0	-2	0	0	0
MYH3	4621	0	0	0	-2	0	0	0	0	-2	0	0	0
MYH4	4622	0	0	0	-2	0	0	0	0	-2	0	0	0
MYH8	4626	0	0	0	-2	0	0	0	0	-2	0	0	0
MYL4	4635	0	0	0	2	0	0	0	0	2	0	0	0
MYL6	4637	-2	-2	-2	0	0	0	-2	0	0	0	0	-2
MYL6B	140465	-2	-2	-2	0	0	0	-2	0	0	0	0	-2
MYO15A	51168	0	0	0	-2	0	0	0	0	-2	0	0	0
MYO15B	80022	0	0	0	2	0	0	0	0	2	2	0	0
MYO18A	399687	0	0	0	2	0	0	0	0	2	0	0	0
MYO19	80179	0	0	0	2	0	0	0	0	2	0	0	0
MYO1A	4640	-2	-2	-2	0	0	0	-2	0	0	0	0	-2
MYO1C	4641	0	0	0	-2	0	0	0	0	-2	0	0	0
MYO1D	4642	0	0	0	2	0	0	0	0	2	0	0	0
MYOCD	93649	0	0	0	-2	0	0	0	0	-2	0	0	0
NAB2	4665	-2	-2	-2	0	0	0	-2	0	0	0	0	-2
NACA	4666	-2	-2	-2	0	0	0	-2	0	0	0	0	-2
NACA2	342538	0	0	0	2	0	0	0	0	2	2	0	0
NAGLU	4669	0	0	0	2	0	0	0	0	2	0	0	0
NAGS	162417	0	0	0	2	0	0	0	0	2	0	0	0
NAIF1	203245	0	0	0	0	-2	0	-2	0	0	0	0	0
NARF	26502	0	0	0	2	0	0	0	0	2	0	0	0
NAT9	26151	0	0	0	2	0	0	0	0	2	2	0	0
NBR1	4077	0	0	0	2	0	0	0	0	2	0	0	0
NBR2	10230	0	0	0	2	0	0	0	0	2	0	0	0
NCKAP1L	3071	-2	-2	-2	0	0	0	-2	0	0	0	0	-2
NCKAP5L	57701	-2	-2	-2	0	0	0	-2	0	0	0	0	-2
NCOR1	9611	0	0	0	-2	0	0	0	0	-2	0	0	0
NDEL1	81565	0	0	0	-2	0	0	0	0	-2	0	0	0
NDUFA4L2	56901	-2	-2	-2	0	0	0	-2	0	0	0	0	-2
NDUFA8	4702	0	0	0	0	-2	0	-2	0	0	0	0	0
NEK6	10783	0	0	0	0	-2	0	-2	0	0	0	0	0
NEK8	284086	0	0	0	2	0	0	0	0	2	0	0	0
NELL2	4753	0	-2	-2	0	0	0	-2	0	0	0	0	-2
NEURL4	84461	0	0	0	-2	0	0	0	0	-2	0	0	0
NEUROD2	4761	0	0	0	2	0	0	0	0	2	0	0	0
NEUROD4	58158	-2	-2	-2	0	0	0	-2	0	0	0	0	-2
NF1	4763	0	0	0	2	0	0	0	0	2	0	0	0
NFE2	4778	-2	-2	-2	0	0	0	-2	0	0	0	0	-2
NFE2L1	4779	0	0	0	2	0	0	0	0	2	2	0	0
NGFR	4804	0	0	0	2	0	0	0	0	2	2	0	0
NKIRAS2	28511	0	0	0	2	0	0	0	0	2	0	0	0
NLE1	54475	0	0	0	2	0	0	0	0	2	0	0	0
NLGN2	57555	0	0	0	-2	0	0	0	0	-2	0	0	0
NLK	51701	0	0	0	2	0	0	0	0	2	0	0	0
NLRP1	22861	0	0	0	-2	0	0	0	0	-2	0	0	0
NME1	4830	0	0	0	2	0	0	0	0	2	0	0	0
NME1-NME2	654364	0	0	0	2	0	0	0	0	2	0	0	0
NME2	4831	0	0	0	2	0	0	0	0	2	0	0	0
NMT1	4836	0	0	0	2	0	0	0	0	2	0	0	0
NOG	9241	0	0	0	2	0	0	0	0	2	2	0	0
NOL11	25926	0	0	0	2	0	0	0	0	2	2	0	0
NOS2	4843	0	0	0	2	0	0	0	0	2	0	0	0
NOTUM	147111	0	0	0	2	0	0	0	0	2	0	0	0
NPB	256933	0	0	0	2	0	0	0	0	2	0	0	0
NPEPPS	9520	0	0	0	2	0	0	0	0	2	2	0	0
NPFF	8620	-2	-2	-2	0	0	0	-2	0	0	0	0	-2
NPLOC4	55666	0	0	0	2	0	0	0	0	2	0	0	0
NPTX1	4884	0	0	0	2	0	0	0	0	2	0	0	0
NR1D1	9572	0	0	0	2	0	0	0	0	2	0	0	0
NR4A1	3164	-2	-2	-2	0	0	0	-2	0	0	0	0	-2
NR5A1	2516	0	0	0	0	-2	0	-2	0	0	0	0	0
NR6A1	2649	0	0	0	0	-2	0	-2	0	0	0	0	0
NRON	641373	0	0	0	0	-2	0	-2	0	0	0	0	0
NSF	4905	0	0	0	2	0	0	0	0	2	0	0	0
NSFP1	728806	0	0	0	2	0	0	0	0	2	0	0	0
NSRP1	84081	0	0	0	2	0	0	0	0	2	0	0	0
NT5C	30833	0	0	0	2	0	0	0	0	2	2	0	0
NT5C3L		0	0	0	2	0	0	0	0	2	0	0	0
NT5M	56953	0	0	0	-2	0	0	0	0	-2	0	0	0
NTN1	9423	0	0	0	-2	0	0	0	0	-2	0	0	0
NTS	4922	-2	0	0	0	0	0	0	0	0	0	-2	0
NUFIP2	57532	0	0	0	2	0	0	0	0	2	0	0	0
NUP85	79902	0	0	0	2	0	0	0	0	2	2	0	0
NUP88	4927	0	0	0	-2	0	0	0	0	-2	0	0	0
NXN	64359	0	0	0	-2	0	0	0	0	-2	0	0	0
NXPH3	11248	0	0	0	2	0	0	0	0	2	2	0	0
NXPH4	11247	-2	-2	-2	0	0	0	-2	0	0	0	0	-2
OBFC2B		-2	-2	-2	0	0	0	-2	0	0	0	0	-2
ODF4	146852	0	0	0	-2	0	0	0	0	-2	0	0	0
OLFML2A	169611	0	0	0	0	-2	0	-2	0	0	0	0	0
OMG	4974	0	0	0	2	0	0	0	0	2	0	0	0
OR10A7	121364	-2	-2	-2	0	0	0	-2	0	0	0	0	-2
OR10AD1	121275	-2	-2	-2	0	0	0	-2	0	0	0	0	-2
OR10P1	121130	-2	-2	-2	0	0	0	-2	0	0	0	0	-2
OR1A1	8383	0	0	0	-2	0	0	0	0	-2	0	0	0
OR1A2	26189	0	0	0	-2	0	0	0	0	-2	0	0	0
OR1B1	347169	0	0	0	0	-2	0	-2	0	0	0	0	0
OR1D2	4991	0	0	0	-2	0	0	0	0	-2	0	0	0
OR1D4	653166	0	0	0	-2	0	0	0	0	-2	0	0	0
OR1D5	8386	0	0	0	-2	0	0	0	0	-2	0	0	0
OR1E1	8387	0	0	0	-2	0	0	0	0	-2	0	0	0
OR1E2	8388	0	0	0	-2	0	0	0	0	-2	0	0	0
OR1G1	8390	0	0	0	-2	0	0	0	0	-2	0	0	0
OR1J1	347168	0	0	0	0	-2	0	-2	0	0	0	0	0
OR1J2	26740	0	0	0	0	-2	0	-2	0	0	0	0	0
OR1J4	26219	0	0	0	0	-2	0	-2	0	0	0	0	0
OR1K1	392392	0	0	0	0	-2	0	-2	0	0	0	0	0
OR1L1	26737	0	0	0	0	-2	0	-2	0	0	0	0	0
OR1L3	26735	0	0	0	0	-2	0	-2	0	0	0	0	0
OR1L4	254973	0	0	0	0	-2	0	-2	0	0	0	0	0
OR1L6	392390	0	0	0	0	-2	0	-2	0	0	0	0	0
OR1L8	138881	0	0	0	0	-2	0	-2	0	0	0	0	0
OR1N1	138883	0	0	0	0	-2	0	-2	0	0	0	0	0
OR1N2	138882	0	0	0	0	-2	0	-2	0	0	0	0	0
OR1Q1	158131	0	0	0	0	-2	0	-2	0	0	0	0	0
OR3A1	4994	0	0	0	-2	0	0	0	0	-2	0	0	0
OR3A2	4995	0	0	0	-2	0	0	0	0	-2	0	0	0
OR3A3	8392	0	0	0	-2	0	0	0	0	-2	0	0	0
OR3A4P	390756	0	0	0	-2	0	0	0	0	-2	0	0	0
OR4D1	26689	0	0	0	2	0	0	0	0	2	2	0	0
OR4D2	124538	0	0	0	2	0	0	0	0	2	2	0	0
OR5C1	392391	0	0	0	0	-2	0	-2	0	0	0	0	0
OR6C1	390321	-2	-2	-2	0	0	0	-2	0	0	0	0	-2
OR6C2	341416	-2	-2	-2	0	0	0	-2	0	0	0	0	-2
OR6C3	254786	-2	-2	-2	0	0	0	-2	0	0	0	0	-2
OR6C4	341418	-2	-2	-2	0	0	0	-2	0	0	0	0	-2
OR6C6	283365	-2	-2	-2	0	0	0	-2	0	0	0	0	-2
OR6C65	403282	-2	-2	-2	0	0	0	-2	0	0	0	0	-2
OR6C68	403284	-2	-2	-2	0	0	0	-2	0	0	0	0	-2
OR6C70	390327	-2	-2	-2	0	0	0	-2	0	0	0	0	-2
OR6C74	254783	-2	-2	-2	0	0	0	-2	0	0	0	0	-2
OR6C75	390323	-2	-2	-2	0	0	0	-2	0	0	0	0	-2
OR6C76	390326	-2	-2	-2	0	0	0	-2	0	0	0	0	-2
OR8S1	341568	-2	-2	-2	0	0	0	-2	0	0	0	0	-2
OR9K2	441639	-2	-2	-2	0	0	0	-2	0	0	0	0	-2
ORM1	5004	0	0	0	0	-2	0	-2	0	0	0	0	0
ORM2	5005	0	0	0	0	-2	0	-2	0	0	0	0	0
ORMDL2	29095	-2	-2	-2	0	0	0	-2	0	0	0	0	-2
ORMDL3	94103	0	0	0	2	0	0	0	0	2	0	0	0
OS9	10956	-2	-2	-2	0	0	0	-2	0	0	0	0	-2
OSBPL7	114881	0	0	0	2	0	0	0	0	2	2	0	0
OTOP2	92736	0	0	0	2	0	0	0	0	2	2	0	0
OTOP3	347741	0	0	0	2	0	0	0	0	2	2	0	0
OVCA2	124641	0	0	0	-2	0	0	0	0	-2	0	0	0
OVCH1	341350	0	0	0	2	0	0	0	0	2	0	0	0
P2RX1	5023	0	0	0	-2	0	0	0	0	-2	0	0	0
P2RX5	5026	0	0	0	-2	0	0	0	0	-2	0	0	0
P2RX5-TAX1BP3	100533970	0	0	0	-2	0	0	0	0	-2	0	0	0
P4HB	5034	0	0	0	2	0	0	0	0	2	0	0	0
PA2G4	5036	-2	-2	-2	0	0	0	-2	0	0	0	0	-2
PAFAH1B1	5048	0	0	0	-2	0	0	0	0	-2	0	0	0
PAN2	9924	-2	-2	-2	0	0	0	-2	0	0	0	0	-2
PAPPA	5069	0	0	0	0	-2	0	-2	0	0	0	0	0
PBX3	5090	0	0	0	0	-2	0	-2	0	0	0	0	0
PCBP2	5094	-2	-2	-2	0	0	0	-2	0	0	0	0	-2
PCGF2	7703	0	0	0	2	0	0	0	0	2	0	0	0
PCTP	58488	0	0	0	2	0	0	0	0	2	0	0	0
PCYT2	5833	0	0	0	2	0	0	0	0	2	0	0	0
PDCL	5082	0	0	0	0	-2	0	-2	0	0	0	0	0
PDE1B	5153	-2	-2	-2	0	0	0	-2	0	0	0	0	-2
PDE6G	5148	0	0	0	2	0	0	0	0	2	0	0	0
PDK2	5164	0	0	0	2	0	0	0	0	2	2	0	0
PDZRN4	29951	0	0	-2	0	0	0	0	0	0	0	0	-2
PECAM1	5175	0	0	0	2	0	0	0	0	2	2	0	0
PELP1	27043	0	0	0	-2	0	0	0	0	-2	0	0	0
PEMT	10400	0	0	0	-2	0	0	0	0	-2	0	0	0
PER1	5187	0	0	0	-2	0	0	0	0	-2	0	0	0
PEX12	5193	0	0	0	2	0	0	0	0	2	0	0	0
PFAS	5198	0	0	0	-2	0	0	0	0	-2	0	0	0
PFDN5	5204	-2	-2	-2	0	0	0	-2	0	0	0	0	-2
PFKM	5213	-2	-2	-2	0	0	0	-2	0	0	0	0	-2
PFN1	5216	0	0	0	-2	0	0	0	0	-2	0	0	0
PGAP3	93210	0	0	0	2	0	0	0	0	2	0	0	0
PGS1	9489	0	0	0	2	0	0	0	0	2	0	0	0
PHB	5245	0	0	0	2	0	0	0	0	2	2	0	0
PHF12	57649	0	0	0	2	0	0	0	0	2	0	0	0
PHF19	26147	0	0	0	0	-2	0	-2	0	0	0	0	0
PHF23	79142	0	0	0	-2	0	0	0	0	-2	0	0	0
PHOSPHO1	162466	0	0	0	2	0	0	0	0	2	2	0	0
PIGL	9487	0	0	0	-2	0	0	0	0	-2	0	0	0
PIGS	94005	0	0	0	2	0	0	0	0	2	0	0	0
PIGW	284098	0	0	0	2	0	0	0	0	2	0	0	0
PIK3R5	23533	0	0	0	-2	0	0	0	0	-2	0	0	0
PIK3R6	146850	0	0	0	-2	0	0	0	0	-2	0	0	0
PIP4K2B	8396	0	0	0	2	0	0	0	0	2	0	0	0
PIP4K2C	79837	-2	-2	-2	0	0	0	-2	0	0	0	0	-2
PIP5KL1	138429	0	0	0	0	-2	0	-2	0	0	0	0	0
PIPOX	51268	0	0	0	2	0	0	0	0	2	0	0	0
PIRT	644139	0	0	0	-2	0	0	0	0	-2	0	0	0
PITPNA	5306	0	0	0	-2	0	0	0	0	-2	0	0	0
PITPNC1	26207	0	0	0	2	0	0	0	0	2	2	0	0
PITPNM3	83394	0	0	0	-2	0	0	0	0	-2	0	0	0
PKP2	5318	0	0	0	2	0	0	0	0	2	0	0	0
PLCD3	113026	0	0	0	2	0	0	0	0	2	0	0	0
PLD2	5338	0	0	0	-2	0	0	0	0	-2	0	0	0
PLD6	201164	0	0	0	-2	0	0	0	0	-2	0	0	0
PLEKHA8P1	51054	0	-2	-2	0	0	0	-2	0	0	0	0	-2
PLEKHH3	79990	0	0	0	2	0	0	0	0	2	0	0	0
PLEKHM1	9842	0	0	0	2	0	0	0	0	2	0	0	0
PLEKHM1P		0	0	0	2	0	0	0	0	2	2	0	0
PLSCR3	57048	0	0	0	-2	0	0	0	0	-2	0	0	0
PLXDC1	57125	0	0	0	2	0	0	0	0	2	0	0	0
PMEL	6490	-2	-2	-2	0	0	0	-2	0	0	0	0	-2
PMP22	5376	0	0	0	-2	0	0	0	0	-2	0	0	0
PNMT	5409	0	0	0	2	0	0	0	0	2	0	0	0
PNPO	55163	0	0	0	2	0	0	0	0	2	2	0	0
POLDIP2	26073	0	0	0	2	0	0	0	0	2	0	0	0
POLG2	11232	0	0	0	2	0	0	0	0	2	2	0	0
POLR2A	5430	0	0	0	-2	0	0	0	0	-2	0	0	0
POU6F1	5463	-2	-2	-2	0	0	0	-2	0	0	0	0	-2
PPHLN1	51535	0	0	-2	0	0	0	0	0	0	0	0	-2
PPM1D	8493	0	0	0	2	0	0	0	0	2	2	0	0
PPM1E	22843	0	0	0	2	0	0	0	0	2	2	0	0
PPM1H	57460	-2	-2	0	0	0	0	0	0	0	0	0	0
PPP1R1A	5502	-2	-2	-2	0	0	0	-2	0	0	0	0	-2
PPP1R1B	84152	0	0	0	2	0	0	0	0	2	0	0	0
PPP1R27	116729	0	0	0	2	0	0	0	0	2	0	0	0
PPP1R9B	84687	0	0	0	2	0	0	0	0	2	2	0	0
PPP6C	5537	0	0	0	0	-2	0	-2	0	0	0	0	0
PPY	5539	0	0	0	2	0	0	0	0	2	0	0	0
PPY2		0	0	0	2	0	0	0	0	2	0	0	0
PRAC		0	0	0	2	0	0	0	0	2	2	0	0
PRCD	768206	0	0	0	2	0	0	0	0	2	0	0	0
PRICKLE1	144165	0	0	-2	0	0	0	0	0	0	0	0	-2
PRIM1	5557	-2	-2	-2	0	0	0	-2	0	0	0	0	-2
PRKAG1	5571	-2	-2	-2	0	0	0	-2	0	0	0	0	-2
PRKAR1A	5573	0	0	0	2	0	0	0	0	2	2	0	0
PRKCA	5578	0	0	0	2	0	0	0	0	2	2	0	0
PROCA1	147011	0	0	0	2	0	0	0	0	2	0	0	0
PRPF40B	25766	-2	-2	-2	0	0	0	-2	0	0	0	0	-2
PRPF8	10594	0	0	0	-2	0	0	0	0	-2	0	0	0
PRPH	5630	-2	-2	-2	0	0	0	-2	0	0	0	0	-2
PRPSAP1	5635	0	0	0	2	0	0	0	0	2	0	0	0
PRR11	55771	0	0	0	2	0	0	0	0	2	2	0	0
PRR13	54458	-2	-2	-2	0	0	0	-2	0	0	0	0	-2
PRR15L	79170	0	0	0	2	0	0	0	0	2	2	0	0
PSMB3	5691	0	0	0	2	0	0	0	0	2	0	0	0
PSMB6	5694	0	0	0	-2	0	0	0	0	-2	0	0	0
PSMB7	5695	0	0	0	0	-2	0	-2	0	0	0	0	0
PSMC3IP	29893	0	0	0	2	0	0	0	0	2	0	0	0
PSMC5	5705	0	0	0	2	0	0	0	0	2	2	0	0
PSMD11	5717	0	0	0	2	0	0	0	0	2	0	0	0
PSMD12	5718	0	0	0	2	0	0	0	0	2	2	0	0
PSMD3	5709	0	0	0	2	0	0	0	0	2	0	0	0
PSMD5	5711	0	0	0	0	-2	0	-2	0	0	0	0	0
PSME3	10197	0	0	0	2	0	0	0	0	2	0	0	0
PTGES2	80142	0	0	0	0	-2	0	-2	0	0	0	0	0
PTGES3	10728	-2	-2	-2	0	0	0	-2	0	0	0	0	-2
PTGS1	5742	0	0	0	0	-2	0	-2	0	0	0	0	0
PTRF	284119	0	0	0	2	0	0	0	0	2	0	0	0
PTRH1	138428	0	0	0	0	-2	0	-2	0	0	0	0	0
PTRH2	51651	0	0	0	2	0	0	0	0	2	2	0	0
PUS7L	83448	0	0	-2	0	0	0	-2	0	0	0	0	-2
PYCR1	5831	0	0	0	2	0	0	0	0	2	0	0	0
PYY	5697	0	0	0	2	0	0	0	0	2	0	0	0
PYY2	23615	0	0	0	2	0	0	0	0	2	0	0	0
QRICH2	84074	0	0	0	2	0	0	0	0	2	0	0	0
R3HDM2	22864	-2	-2	-2	0	0	0	-2	0	0	0	0	-2
RAB11FIP4	84440	0	0	0	2	0	0	0	0	2	0	0	0
RAB14	51552	0	0	0	0	-2	0	-2	0	0	0	0	0
RAB34	83871	0	0	0	2	0	0	0	0	2	0	0	0
RAB37	326624	0	0	0	2	0	0	0	0	2	2	0	0
RAB40B	10966	0	0	0	2	0	0	0	0	2	0	0	0
RAB5B	5869	-2	-2	-2	0	0	0	-2	0	0	0	0	-2
RAB5C	5878	0	0	0	2	0	0	0	0	2	0	0	0
RABEP1	9135	0	0	0	-2	0	0	0	0	-2	0	0	0
RABEPK	10244	0	0	0	0	-2	0	-2	0	0	0	0	0
RABGAP1	23637	0	0	0	0	-2	0	-2	0	0	0	0	0
RAC3	5881	0	0	0	2	0	0	0	0	2	0	0	0
RACGAP1	29127	-2	-2	-2	0	0	0	-2	0	0	0	0	-2
RACGAP1P	83956	0	-2	-2	0	0	0	-2	0	0	0	0	-2
RAD51C	5889	0	0	0	2	0	0	0	0	2	2	0	0
RAD51D	5892	0	0	0	2	0	0	0	0	2	0	0	0
RAD51L3-RFFL	100529207	0	0	0	2	0	0	0	0	2	0	0	0
RAI1	10743	0	0	0	-2	0	0	0	0	-2	0	0	0
RALGPS1	9649	0	0	0	0	-2	0	-2	0	0	0	0	0
RAMP2	10266	0	0	0	2	0	0	0	0	2	0	0	0
RANGRF	29098	0	0	0	-2	0	0	0	0	-2	0	0	0
RAP1GAP2	23108	0	0	0	-2	0	0	0	0	-2	0	0	0
RAPGEF3	10411	-2	-2	-2	0	0	0	-2	0	0	0	0	-2
RAPGEFL1	51195	0	0	0	2	0	0	0	0	2	0	0	0
RARA	5914	0	0	0	2	0	0	0	0	2	0	0	0
RARG	5916	-2	-2	-2	0	0	0	-2	0	0	0	0	-2
RASD1	51655	0	0	0	-2	0	0	0	0	-2	0	0	0
RASL10B	91608	0	0	0	2	0	0	0	0	2	0	0	0
RASSF9	9182	-2	0	0	0	0	0	0	0	0	0	-2	0
RBFOX3	146713	0	0	0	2	0	0	0	0	2	0	0	0
RBM18	92400	0	0	0	0	-2	0	-2	0	0	0	0	0
RBMS2	5939	-2	-2	-2	0	0	0	-2	0	0	0	0	-2
RC3H2	54542	0	0	0	0	-2	0	-2	0	0	0	0	0
RCVRN	5957	0	0	0	-2	0	0	0	0	-2	0	0	0
RDH16	8608	-2	-2	-2	0	0	0	-2	0	0	0	0	-2
RDH5	5959	-2	-2	-2	0	0	0	-2	0	0	0	0	-2
RDM1	201299	0	0	0	2	0	0	0	0	2	0	0	0
RECQL5	9400	0	0	0	2	0	0	0	0	2	2	0	0
RFFL	117584	0	0	0	2	0	0	0	0	2	0	0	0
RFNG	5986	0	0	0	2	0	0	0	0	2	0	0	0
RGS9	8787	0	0	0	2	0	0	0	0	2	2	0	0
RHBDF2	79651	0	0	0	2	0	0	0	0	2	0	0	0
RHBDL3	162494	0	0	0	2	0	0	0	0	2	0	0	0
RHEBL1	121268	-2	-2	-2	0	0	0	-2	0	0	0	0	-2
RHOT1	55288	0	0	0	2	0	0	0	0	2	0	0	0
RILP	83547	0	0	0	-2	0	0	0	0	-2	0	0	0
RNASEK	440400	0	0	0	-2	0	0	0	0	-2	0	0	0
RNASEK-C17ORF49		0	0	0	-2	0	0	0	0	-2	0	0	0
RND1	27289	-2	-2	-2	0	0	0	-2	0	0	0	0	-2
RND2	8153	0	0	0	2	0	0	0	0	2	0	0	0
RNF126P1	376412	0	0	0	2	0	0	0	0	2	2	0	0
RNF135	84282	0	0	0	2	0	0	0	0	2	0	0	0
RNF157	114804	0	0	0	2	0	0	0	0	2	0	0	0
RNF167	26001	0	0	0	-2	0	0	0	0	-2	0	0	0
RNF213	57674	0	0	0	2	0	0	0	0	2	0	0	0
RNF222	643904	0	0	0	-2	0	0	0	0	-2	0	0	0
RNF41	10193	-2	-2	-2	0	0	0	-2	0	0	0	0	-2
RNF43	54894	0	0	0	2	0	0	0	0	2	2	0	0
RNFT1	51136	0	0	0	2	0	0	0	0	2	2	0	0
RNMTL1	55178	0	0	0	-2	0	0	0	0	-2	0	0	0
RNY5	6090	0	-2	-2	0	0	0	-2	0	0	0	0	-2
RPA1	6117	0	0	0	-2	0	0	0	0	-2	0	0	0
RPAIN	84268	0	0	0	-2	0	0	0	0	-2	0	0	0
RPAP3	79657	-2	-2	-2	0	0	0	-2	0	0	0	0	-2
RPH3AL	9501	0	0	0	-2	0	0	0	0	-2	0	0	0
RPL12	6136	0	0	0	0	-2	0	-2	0	0	0	0	0
RPL19	6143	0	0	0	2	0	0	0	0	2	0	0	0
RPL23	9349	0	0	0	2	0	0	0	0	2	0	0	0
RPL23A	6147	0	0	0	2	0	0	0	0	2	0	0	0
RPL26	6154	0	0	0	-2	0	0	0	0	-2	0	0	0
RPL27	6155	0	0	0	2	0	0	0	0	2	0	0	0
RPL29P2	118432	0	0	0	-2	0	0	0	0	-2	0	0	0
RPL35	11224	0	0	0	0	-2	0	-2	0	0	0	0	0
RPL38	6169	0	0	0	2	0	0	0	0	2	2	0	0
RPL41	6171	-2	-2	-2	0	0	0	-2	0	0	0	0	-2
RPRML	388394	0	0	0	2	0	0	0	0	2	0	0	0
RPS26	6231	-2	-2	-2	0	0	0	-2	0	0	0	0	-2
RPS6KA6	27330	-2	0	-2	0	0	0	0	0	0	0	0	0
RPS6KB1	6198	0	0	0	2	0	0	0	0	2	2	0	0
RPTOR	57521	0	0	0	2	0	0	0	0	2	0	0	0
RSAD1	55316	0	0	0	2	0	0	0	0	2	2	0	0
RTN4RL1	146760	0	0	0	-2	0	0	0	0	-2	0	0	0
RUNDC1	146923	0	0	0	2	0	0	0	0	2	0	0	0
RUNDC3A	10900	0	0	0	2	0	0	0	0	2	0	0	0
SAMD14	201191	0	0	0	2	0	0	0	0	2	2	0	0
SAP30BP	29115	0	0	0	2	0	0	0	0	2	2	0	0
SARM1	23098	0	0	0	2	0	0	0	0	2	0	0	0
SARNP	84324	-2	-2	-2	0	0	0	-2	0	0	0	0	-2
SAT2	112483	0	0	0	-2	0	0	0	0	-2	0	0	0
SATL1	340562	-2	0	-2	0	0	0	0	0	0	0	0	0
SCAF11	9169	-2	-2	-2	0	0	0	-2	0	0	0	0	-2
SCAI	286205	0	0	0	0	-2	0	-2	0	0	0	0	0
SCARF1	8578	0	0	0	-2	0	0	0	0	-2	0	0	0
SCARNA16	677781	0	0	0	2	0	0	0	0	2	0	0	0
SCARNA20	677681	0	0	0	2	0	0	0	0	2	2	0	0
SCARNA21	677763	0	0	0	-2	0	0	0	0	-2	0	0	0
SCIMP	388325	0	0	0	-2	0	0	0	0	-2	0	0	0
SCN4A	6329	0	0	0	2	0	0	0	0	2	2	0	0
SCN8A	6334	-2	-2	-2	0	0	0	-2	0	0	0	0	-2
SCO1	6341	0	0	0	-2	0	0	0	0	-2	0	0	0
SCPEP1	59342	0	0	0	2	0	0	0	0	2	2	0	0
SCRN2	90507	0	0	0	2	0	0	0	0	2	2	0	0
SDF2	6388	0	0	0	2	0	0	0	0	2	0	0	0
SDK2	54549	0	0	0	2	0	0	0	0	2	2	0	0
SDR9C7	121214	-2	-2	-2	0	0	0	-2	0	0	0	0	-2
SEBOX	645832	0	0	0	2	0	0	0	0	2	0	0	0
SEC14L1	6397	0	0	0	2	0	0	0	0	2	0	0	0
SECTM1	6398	0	0	0	2	0	0	0	0	2	0	0	0
SENP1	29843	-2	-2	-2	0	0	0	-2	0	0	0	0	-2
SENP3	26168	0	0	0	-2	0	0	0	0	-2	0	0	0
SENP3-EIF4A1	100533955	0	0	0	-2	0	0	0	0	-2	0	0	0
SERPINF1	5176	0	0	0	-2	0	0	0	0	-2	0	0	0
SERPINF2	5345	0	0	0	-2	0	0	0	0	-2	0	0	0
SEZ6	124925	0	0	0	2	0	0	0	0	2	0	0	0
SGCA	6442	0	0	0	2	0	0	0	0	2	2	0	0
RSKR	124923	0	0	0	2	0	0	0	0	2	0	0	0
SGSH	6448	0	0	0	2	0	0	0	0	2	0	0	0
SGSM2	9905	0	0	0	-2	0	0	0	0	-2	0	0	0
SH2D3C	10044	0	0	0	0	-2	0	-2	0	0	0	0	0
SH3GL1P1	6458	0	0	0	2	0	0	0	0	2	0	0	0
SH3GL1P2	6459	0	0	0	2	0	0	0	0	2	0	0	0
SHBG	6462	0	0	0	-2	0	0	0	0	-2	0	0	0
SHISA6	388336	0	0	0	-2	0	0	0	0	-2	0	0	0
SHMT1	6470	0	0	0	-2	0	0	0	0	-2	0	0	0
SHMT2	6472	-2	-2	-2	0	0	0	-2	0	0	0	0	-2
SHPK	23729	0	0	0	-2	0	0	0	0	-2	0	0	0
SIRT7	51547	0	0	0	2	0	0	0	0	2	0	0	0
SKA2	348235	0	0	0	2	0	0	0	0	2	2	0	0
SKAP1	8631	0	0	0	2	0	0	0	0	2	2	0	0
SLC11A2	4891	-2	-2	-2	0	0	0	-2	0	0	0	0	-2
SLC13A2	9058	0	0	0	2	0	0	0	0	2	0	0	0
SLC13A5	284111	0	0	0	-2	0	0	0	0	-2	0	0	0
SLC16A11	162515	0	0	0	-2	0	0	0	0	-2	0	0	0
SLC16A13	201232	0	0	0	-2	0	0	0	0	-2	0	0	0
SLC16A3	9123	0	0	0	2	0	0	0	0	2	0	0	0
SLC16A5	9121	0	0	0	2	0	0	0	0	2	2	0	0
SLC16A6	9120	0	0	0	2	0	0	0	0	2	2	0	0
SLC16A7	9194	-2	-2	-2	0	0	0	0	0	0	0	0	0
SLC25A10	1468	0	0	0	2	0	0	0	0	2	0	0	0
SLC25A11	8402	0	0	0	-2	0	0	0	0	-2	0	0	0
SLC25A19	60386	0	0	0	2	0	0	0	0	2	2	0	0
SLC25A25	114789	0	0	0	0	-2	0	-2	0	0	0	0	0
SLC25A35	399512	0	0	0	-2	0	0	0	0	-2	0	0	0
SLC25A39	51629	0	0	0	2	0	0	0	0	2	0	0	0
SLC26A10	65012	-2	-2	-2	0	0	0	-2	0	0	0	0	-2
SLC26A11	284129	0	0	0	2	0	0	0	0	2	0	0	0
SLC27A4	10999	0	0	0	0	-2	0	-2	0	0	0	0	0
SLC2A13	114134	0	0	-2	0	0	0	0	0	0	0	0	-2
SLC2A4	6517	0	0	0	-2	0	0	0	0	-2	0	0	0
SLC2A8	29988	0	0	0	0	-2	0	-2	0	0	0	0	0
SLC35B1	10237	0	0	0	2	0	0	0	0	2	2	0	0
SLC35G3	146861	0	0	0	2	0	0	0	0	2	0	0	0
SLC35G6	643664	0	0	0	-2	0	0	0	0	-2	0	0	0
SLC38A1	81539	-2	-2	-2	0	0	0	-2	0	0	0	0	-2
SLC38A10	124565	0	0	0	2	0	0	0	0	2	0	0	0
SLC38A2	54407	-2	-2	-2	0	0	0	-2	0	0	0	0	-2
SLC38A4	55089	-2	-2	-2	0	0	0	-2	0	0	0	0	-2
SLC39A11	201266	0	0	0	2	0	0	0	0	2	2	0	0
SLC39A5	283375	-2	-2	-2	0	0	0	-2	0	0	0	0	-2
SLC43A2	124935	0	0	0	-2	0	0	0	0	-2	0	0	0
SLC46A1	113235	0	0	0	2	0	0	0	0	2	0	0	0
SLC48A1	55652	-2	-2	-2	0	0	0	-2	0	0	0	0	-2
SLC4A1	6521	0	0	0	2	0	0	0	0	2	0	0	0
SLC4A8	9498	-2	-2	-2	0	0	0	-2	0	0	0	0	-2
SLC6A15	55117	-2	0	0	0	0	0	0	0	0	0	-2	0
SLC6A4	6532	0	0	0	2	0	0	0	0	2	0	0	0
SLC9A3R1	9368	0	0	0	2	0	0	0	0	2	2	0	0
SLFN11	91607	0	0	0	2	0	0	0	0	2	0	0	0
SLFN12	55106	0	0	0	2	0	0	0	0	2	0	0	0
SLFN12L	100506736	0	0	0	2	0	0	0	0	2	0	0	0
SLFN13	146857	0	0	0	2	0	0	0	0	2	0	0	0
SLFN14	342618	0	0	0	2	0	0	0	0	2	0	0	0
SLFN5	162394	0	0	0	2	0	0	0	0	2	0	0	0
SMAGP	57228	-2	-2	-2	0	0	0	-2	0	0	0	0	-2
SMARCC2	6601	-2	-2	-2	0	0	0	-2	0	0	0	0	-2
SMARCD1	6602	-2	-2	-2	0	0	0	-2	0	0	0	0	-2
SMARCD2	6603	0	0	0	2	0	0	0	0	2	2	0	0
SMARCE1	6605	0	0	0	2	0	0	0	0	2	0	0	0
SMCR5	140771	0	0	0	-2	0	0	0	0	-2	0	0	0
SMCR7		0	0	0	-2	0	0	0	0	-2	0	0	0
SMCR8	140775	0	0	0	-2	0	0	0	0	-2	0	0	0
SMCR9		0	0	0	-2	0	0	0	0	-2	0	0	0
SMG6	23293	0	0	0	-2	0	0	0	0	-2	0	0	0
SMG8	55181	0	0	0	2	0	0	0	0	2	2	0	0
SMTNL2	342527	0	0	0	-2	0	0	0	0	-2	0	0	0
SMUG1	23583	-2	-2	-2	0	0	0	-2	0	0	0	0	-2
SMURF2	64750	0	0	0	2	0	0	0	0	2	2	0	0
SMYD4	114826	0	0	0	-2	0	0	0	0	-2	0	0	0
SNF8	11267	0	0	0	2	0	0	0	0	2	2	0	0
SNORA21	619505	0	0	0	2	0	0	0	0	2	0	0	0
SNORA2A	677793	-2	-2	-2	0	0	0	-2	0	0	0	0	-2
SNORA2B	677794	-2	-2	-2	0	0	0	-2	0	0	0	0	-2
SNORA34		-2	-2	-2	0	0	0	-2	0	0	0	0	-2
SNORA38B	100124536	0	0	0	2	0	0	0	0	2	2	0	0
SNORA48	652965	0	0	0	-2	0	0	0	0	-2	0	0	0
SNORA65	26783	0	0	0	0	-2	0	-2	0	0	0	0	0
SNORA67	26781	0	0	0	-2	0	0	0	0	-2	0	0	0
SNORA70C	100124538	0	0	0	0	-2	0	-2	0	0	0	0	0
SNORA76		0	0	0	2	0	0	0	0	2	2	0	0
SNORD10	652966	0	0	0	-2	0	0	0	0	-2	0	0	0
SNORD104	692227	0	0	0	2	0	0	0	0	2	2	0	0
SNORD124	101340251	0	0	0	2	0	0	0	0	2	0	0	0
SNORD1A	677848	0	0	0	2	0	0	0	0	2	0	0	0
SNORD1B	677849	0	0	0	2	0	0	0	0	2	0	0	0
SNORD1C	677850	0	0	0	2	0	0	0	0	2	0	0	0
SNORD42A	26809	0	0	0	2	0	0	0	0	2	0	0	0
SNORD42B	26808	0	0	0	2	0	0	0	0	2	0	0	0
SNORD49A	26800	0	0	0	-2	0	0	0	0	-2	0	0	0
SNORD49B	692087	0	0	0	-2	0	0	0	0	-2	0	0	0
SNORD4A	26773	0	0	0	2	0	0	0	0	2	0	0	0
SNORD4B	26772	0	0	0	2	0	0	0	0	2	0	0	0
SNORD59A	26789	-2	-2	-2	0	0	0	-2	0	0	0	0	-2
SNORD59B	692090	-2	-2	-2	0	0	0	-2	0	0	0	0	-2
SNORD65	692106	0	0	0	-2	0	0	0	0	-2	0	0	0
SNORD7	692076	0	0	0	2	0	0	0	0	2	0	0	0
SNORD90	692206	0	0	0	0	-2	0	-2	0	0	0	0	0
SNORD91A	692207	0	0	0	-2	0	0	0	0	-2	0	0	0
SNORD91B	692208	0	0	0	-2	0	0	0	0	-2	0	0	0
SNX11	29916	0	0	0	2	0	0	0	0	2	2	0	0
SOAT2	8435	-2	-2	-2	0	0	0	-2	0	0	0	0	-2
SOCS3	9021	0	0	0	2	0	0	0	0	2	0	0	0
SOCS7	30837	0	0	0	2	0	0	0	0	2	0	0	0
SOST	50964	0	0	0	2	0	0	0	0	2	0	0	0
SOX15	6665	0	0	0	-2	0	0	0	0	-2	0	0	0
SOX9	6662	0	0	0	2	0	0	0	0	2	2	0	0
SP1	6667	-2	-2	-2	0	0	0	-2	0	0	0	0	-2
SP2	6668	0	0	0	2	0	0	0	0	2	2	0	0
SP6	80320	0	0	0	2	0	0	0	0	2	2	0	0
SP7	121340	-2	-2	-2	0	0	0	-2	0	0	0	0	-2
SPACA3	124912	0	0	0	2	0	0	0	0	2	0	0	0
SPAG5	10615	0	0	0	2	0	0	0	0	2	0	0	0
SPAG5-AS1	100506436	0	0	0	2	0	0	0	0	2	0	0	0
SPAG7	9552	0	0	0	-2	0	0	0	0	-2	0	0	0
SPAG9	9043	0	0	0	2	0	0	0	0	2	0	0	0
SPATA20	64847	0	0	0	2	0	0	0	0	2	2	0	0
SPATA22	84690	0	0	0	-2	0	0	0	0	-2	0	0	0
SPATS2	65244	-2	-2	-2	0	0	0	-2	0	0	0	0	-2
SPDYE4	388333	0	0	0	-2	0	0	0	0	-2	0	0	0
SPEM1	374768	0	0	0	-2	0	0	0	0	-2	0	0	0
SPHK1	8877	0	0	0	2	0	0	0	0	2	0	0	0
SPNS2	124976	0	0	0	-2	0	0	0	0	-2	0	0	0
SPNS3	201305	0	0	0	-2	0	0	0	0	-2	0	0	0
SPOP	8405	0	0	0	2	0	0	0	0	2	2	0	0
SPRYD3	84926	-2	-2	-2	0	0	0	-2	0	0	0	0	-2
SPRYD4	283377	-2	-2	-2	0	0	0	-2	0	0	0	0	-2
SRCIN1	80725	0	0	0	2	0	0	0	0	2	0	0	0
SREBF1	6720	0	0	0	-2	0	0	0	0	-2	0	0	0
SRP68	6730	0	0	0	2	0	0	0	0	2	0	0	0
SRR	63826	0	0	0	-2	0	0	0	0	-2	0	0	0
SRSF1	6426	0	0	0	2	0	0	0	0	2	2	0	0
SRSF2	6427	0	0	0	2	0	0	0	0	2	0	0	0
SSH2	85464	0	0	0	2	0	0	0	0	2	0	0	0
SSTR2	6752	0	0	0	2	0	0	0	0	2	2	0	0
ST6GALNAC1	55808	0	0	0	2	0	0	0	0	2	0	0	0
ST6GALNAC2	10610	0	0	0	2	0	0	0	0	2	0	0	0
ST6GALNAC4	27090	0	0	0	0	-2	0	-2	0	0	0	0	0
ST6GALNAC6	30815	0	0	0	0	-2	0	-2	0	0	0	0	0
STAC2	342667	0	0	0	2	0	0	0	0	2	0	0	0
STAC3	246329	-2	-2	-2	0	0	0	-2	0	0	0	0	-2
STARD3	10948	0	0	0	2	0	0	0	0	2	0	0	0
STAT2	6773	-2	-2	-2	0	0	0	-2	0	0	0	0	-2
STAT3	6774	0	0	0	2	0	0	0	0	2	0	0	0
STAT5A	6776	0	0	0	2	0	0	0	0	2	0	0	0
STAT5B	6777	0	0	0	2	0	0	0	0	2	0	0	0
STAT6	6778	-2	-2	-2	0	0	0	-2	0	0	0	0	-2
STH	246744	0	0	0	2	0	0	0	0	2	0	0	0
STOM	2040	0	0	0	0	-2	0	-2	0	0	0	0	0
CENPX	201254	0	0	0	2	0	0	0	0	2	0	0	0
STRADA	92335	0	0	0	2	0	0	0	0	2	2	0	0
STRBP	55342	0	0	0	0	-2	0	-2	0	0	0	0	0
STX8	9482	0	0	0	-2	0	0	0	0	-2	0	0	0
STXBP1	6812	0	0	0	0	-2	0	-2	0	0	0	0	0
STXBP4	252983	0	0	0	2	0	0	0	0	2	0	0	0
SUMO2	6613	0	0	0	2	0	0	0	0	2	2	0	0
SUOX	6821	-2	-2	-2	0	0	0	-2	0	0	0	0	-2
SUPT4H1	6827	0	0	0	2	0	0	0	0	2	2	0	0
SUPT6H	6830	0	0	0	2	0	0	0	0	2	0	0	0
SUZ12	23512	0	0	0	2	0	0	0	0	2	0	0	0
SUZ12P		0	0	0	2	0	0	0	0	2	0	0	0
SWI5	375757	0	0	0	0	-2	0	-2	0	0	0	0	0
SYNGR2	9144	0	0	0	2	0	0	0	0	2	0	0	0
SYNRG	11276	0	0	0	2	0	0	0	0	2	0	0	0
SYT10	341359	0	0	-2	2	0	0	0	0	2	0	0	-2
TAC3	6866	-2	-2	-2	0	0	0	-2	0	0	0	0	-2
TAC4	255061	0	0	0	2	0	0	0	0	2	2	0	0
TACO1	51204	0	0	0	2	0	0	0	0	2	2	0	0
TADA2A	6871	0	0	0	2	0	0	0	0	2	0	0	0
TAF15	8148	0	0	0	2	0	0	0	0	2	0	0	0
TANC2	26115	0	0	0	2	0	0	0	0	2	2	0	0
TAOK1	57551	0	0	0	2	0	0	0	0	2	0	0	0
TARBP2	6895	-2	-2	-2	0	0	0	-2	0	0	0	0	-2
TAX1BP3	30851	0	0	0	-2	0	0	0	0	-2	0	0	0
TBC1D16	125058	0	0	0	2	0	0	0	0	2	0	0	0
TBC1D26	353149	0	0	0	-2	0	0	0	0	-2	0	0	0
TBC1D29	26083	0	0	0	2	0	0	0	0	2	0	0	0
TBC1D3	729873	0	0	0	2	0	0	0	0	2	0	0	0
TBC1D3B	414059	0	0	0	2	0	0	0	0	2	0	0	0
TBC1D3C	414060	0	0	0	2	0	0	0	0	2	0	0	0
TBC1D3F	84218	0	0	0	2	0	0	0	0	2	0	0	0
TBC1D3G	101060321	0	0	0	2	0	0	0	0	2	0	0	0
TBC1D3H	729877	0	0	0	2	0	0	0	0	2	0	0	0
TBC1D3P1-DHX40P1	653645	0	0	0	2	0	0	0	0	2	2	0	0
TBC1D3P2	440452	0	0	0	2	0	0	0	0	2	2	0	0
TBC1D3P5	440419	0	0	0	2	0	0	0	0	2	0	0	0
TBCD	6904	0	0	0	2	0	0	0	0	2	0	0	0
TBKBP1	9755	0	0	0	2	0	0	0	0	2	2	0	0
TBX2	6909	0	0	0	2	0	0	0	0	2	2	0	0
TBX21	30009	0	0	0	2	0	0	0	0	2	2	0	0
TBX4	9496	0	0	0	2	0	0	0	0	2	2	0	0
TCAM1P	146771	0	0	0	2	0	0	0	0	2	2	0	0
TCAP	8557	0	0	0	2	0	0	0	0	2	0	0	0
TEFM	79736	0	0	0	2	0	0	0	0	2	0	0	0
TEKT1	83659	0	0	0	-2	0	0	0	0	-2	0	0	0
TEKT3	64518	0	0	0	-2	0	0	0	0	-2	0	0	0
TEN1	100134934	0	0	0	2	0	0	0	0	2	0	0	0
TEN1-CDK3	100529145	0	0	0	2	0	0	0	0	2	0	0	0
TENC1		-2	-2	-2	0	0	0	-2	0	0	0	0	-2
TEX14	56155	0	0	0	2	0	0	0	0	2	2	0	0
TEX19	400629	0	0	0	2	0	0	0	0	2	0	0	0
TEX2	55852	0	0	0	2	0	0	0	0	2	2	0	0
TFCP2	7024	-2	-2	-2	0	0	0	-2	0	0	0	0	-2
THRA	7067	0	0	0	2	0	0	0	0	2	0	0	0
TIAF1	399687	0	0	0	2	0	0	0	0	2	0	0	0
TIMELESS	8914	-2	-2	-2	0	0	0	-2	0	0	0	0	-2
TIMM22	29928	0	0	0	-2	0	0	0	0	-2	0	0	0
TIMP2	7077	0	0	0	2	0	0	0	0	2	0	0	0
TK1	7083	0	0	0	2	0	0	0	0	2	0	0	0
TLCD1	116238	0	0	0	2	0	0	0	0	2	0	0	0
TLCD2	727910	0	0	0	-2	0	0	0	0	-2	0	0	0
TLK2	11011	0	0	0	2	0	0	0	0	2	2	0	0
TLR4	7099	0	0	0	0	-2	0	-2	0	0	0	0	0
TM4SF5	9032	0	0	0	-2	0	0	0	0	-2	0	0	0
TMBIM6	7009	-2	-2	-2	0	0	0	-2	0	0	0	0	-2
TMC6	11322	0	0	0	2	0	0	0	0	2	0	0	0
TMC8	147138	0	0	0	2	0	0	0	0	2	0	0	0
TMEM100	55273	0	0	0	2	0	0	0	0	2	0	0	0
TMEM101	84336	0	0	0	2	0	0	0	0	2	0	0	0
TMEM102	284114	0	0	0	-2	0	0	0	0	-2	0	0	0
TMEM104	54868	0	0	0	2	0	0	0	0	2	2	0	0
TMEM105	284186	0	0	0	2	0	0	0	0	2	0	0	0
TMEM106A	113277	0	0	0	2	0	0	0	0	2	0	0	0
TMEM106C	79022	-2	-2	-2	0	0	0	-2	0	0	0	0	-2
TMEM107	84314	0	0	0	-2	0	0	0	0	-2	0	0	0
TMEM117	84216	0	-2	-2	0	0	0	-2	0	0	0	0	-2
TMEM132E	124842	0	0	0	2	0	0	0	0	2	0	0	0
TMEM194A		-2	-2	-2	0	0	0	-2	0	0	0	0	-2
TMEM198B	440104	-2	-2	-2	0	0	0	-2	0	0	0	0	-2
TMEM199	147007	0	0	0	2	0	0	0	0	2	0	0	0
TMEM220	388335	0	0	0	-2	0	0	0	0	-2	0	0	0
TMEM235	283999	0	0	0	2	0	0	0	0	2	0	0	0
TMEM5	10329	-2	-2	0	0	0	0	0	0	0	0	0	0
TMEM88	92162	0	0	0	-2	0	0	0	0	-2	0	0	0
TMEM92	162461	0	0	0	2	0	0	0	0	2	2	0	0
TMEM93		0	0	0	-2	0	0	0	0	-2	0	0	0
TMEM95	339168	0	0	0	-2	0	0	0	0	-2	0	0	0
TMEM97	27346	0	0	0	2	0	0	0	0	2	0	0	0
TMEM98	26022	0	0	0	2	0	0	0	0	2	0	0	0
TMEM99	147184	0	0	0	2	0	0	0	0	2	0	0	0
TMIGD1	388364	0	0	0	2	0	0	0	0	2	0	0	0
TMPRSS12	283471	-2	-2	-2	0	0	0	-2	0	0	0	0	-2
TMTC1	83857	0	0	0	2	0	0	0	0	2	0	0	0
TMTC2	160335	-2	0	0	0	0	0	0	0	0	0	-2	0
TMUB2	79089	0	0	0	2	0	0	0	0	2	0	0	0
TNC	3371	0	0	0	0	-2	0	-2	0	0	0	0	0
TNFAIP1	7126	0	0	0	2	0	0	0	0	2	0	0	0
TNFRSF13B	23495	0	0	0	-2	0	0	0	0	-2	0	0	0
TNFSF12	8742	0	0	0	-2	0	0	0	0	-2	0	0	0
TNFSF12-TNFSF13	407977	0	0	0	-2	0	0	0	0	-2	0	0	0
TNFSF13	8741	0	0	0	-2	0	0	0	0	-2	0	0	0
TNFSF15	9966	0	0	0	0	-2	0	-2	0	0	0	0	0
TNFSF8	944	0	0	0	0	-2	0	-2	0	0	0	0	0
TNK1	8711	0	0	0	-2	0	0	0	0	-2	0	0	0
TNRC6C	57690	0	0	0	2	0	0	0	0	2	0	0	0
TNS4	84951	0	0	0	2	0	0	0	0	2	0	0	0
TOB1	10140	0	0	0	2	0	0	0	0	2	0	0	0
TOM1L1	10040	0	0	0	2	0	0	0	0	2	0	0	0
TOM1L2	146691	0	0	0	-2	0	0	0	0	-2	0	0	0
TOP2A	7153	0	0	0	2	0	0	0	0	2	0	0	0
TOP3A	7156	0	0	0	-2	0	0	0	0	-2	0	0	0
TOR2A	27433	0	0	0	0	-2	0	-2	0	0	0	0	0
TP53	7157	0	0	0	-2	0	0	0	0	-2	0	0	0
TP53I13	90313	0	0	0	2	0	0	0	0	2	0	0	0
TRAF1	7185	0	0	0	0	-2	0	-2	0	0	0	0	0
TRAF4	9618	0	0	0	2	0	0	0	0	2	0	0	0
TRAPPC1	58485	0	0	0	-2	0	0	0	0	-2	0	0	0
TRIM16	10626	0	0	0	-2	0	0	0	0	-2	0	0	0
TRIM25	7706	0	0	0	2	0	0	0	0	2	2	0	0
TRIM32	22954	0	0	0	0	-2	0	-2	0	0	0	0	0
TRIM37	4591	0	0	0	2	0	0	0	0	2	2	0	0
TRIM47	91107	0	0	0	2	0	0	0	0	2	2	0	0
TRIM65	201292	0	0	0	2	0	0	0	0	2	2	0	0
TROAP	10024	-2	-2	-2	0	0	0	-2	0	0	0	0	-2
TRPV1	7442	0	0	0	-2	0	0	0	0	-2	0	0	0
TRPV2	51393	0	0	0	-2	0	0	0	0	-2	0	0	0
TRPV3	162514	0	0	0	-2	0	0	0	0	-2	0	0	0
TRUB2	26995	0	0	0	0	-2	0	-2	0	0	0	0	0
TSEN54	283989	0	0	0	2	0	0	0	0	2	2	0	0
TSFM	10102	-2	-2	-2	0	0	0	-2	0	0	0	0	-2
TSPAN10	83882	0	0	0	2	0	0	0	0	2	0	0	0
TSPAN11	441631	0	0	0	2	0	0	0	0	2	0	0	0
TSPAN19	144448	-2	0	0	0	0	0	0	0	0	0	-2	0
TSPAN31	6302	-2	-2	-2	0	0	0	-2	0	0	0	0	-2
TSR1	55720	0	0	0	-2	0	0	0	0	-2	0	0	0
TTC16	158248	0	0	0	0	-2	0	-2	0	0	0	0	0
TTC19	54902	0	0	0	-2	0	0	0	0	-2	0	0	0
TTC25	83538	0	0	0	2	0	0	0	0	2	0	0	0
TTLL11	158135	0	0	0	0	-2	0	-2	0	0	0	0	0
TTLL6	284076	0	0	0	2	0	0	0	0	2	2	0	0
TTYH2	94015	0	0	0	2	0	0	0	0	2	2	0	0
TUBA1A	7846	-2	-2	-2	0	0	0	-2	0	0	0	0	-2
TUBA1B	10376	-2	-2	-2	0	0	0	-2	0	0	0	0	-2
TUBA1C	84790	-2	-2	-2	0	0	0	-2	0	0	0	0	-2
TUBD1	51174	0	0	0	2	0	0	0	0	2	2	0	0
TUBG1	7283	0	0	0	2	0	0	0	0	2	0	0	0
TUBG2	27175	0	0	0	2	0	0	0	0	2	0	0	0
TUSC5	286753	0	0	0	-2	0	0	0	0	-2	0	0	0
TWF1	5756	0	0	-2	0	0	0	-2	0	0	0	0	-2
TXNDC17	84817	0	0	0	-2	0	0	0	0	-2	0	0	0
UBB	7314	0	0	0	-2	0	0	0	0	-2	0	0	0
UBE2DNL	100131816	-2	0	-2	0	0	0	0	0	0	0	0	0
UBE2G1	7326	0	0	0	-2	0	0	0	0	-2	0	0	0
UBE2O	63893	0	0	0	2	0	0	0	0	2	0	0	0
UBE2Z	65264	0	0	0	2	0	0	0	0	2	2	0	0
UBTF	7343	0	0	0	2	0	0	0	0	2	0	0	0
UNC119	9094	0	0	0	2	0	0	0	0	2	0	0	0
UNC13D	201294	0	0	0	2	0	0	0	0	2	2	0	0
UNC45B	146862	0	0	0	2	0	0	0	0	2	0	0	0
UNK	85451	0	0	0	2	0	0	0	0	2	2	0	0
URM1	81605	0	0	0	0	-2	0	-2	0	0	0	0	0
USH1G	124590	0	0	0	2	0	0	0	0	2	2	0	0
USP15	9958	-2	-2	0	0	0	0	0	0	0	0	0	0
USP32	84669	0	0	0	2	0	0	0	0	2	2	0	0
USP32P1	162632	0	0	0	-2	0	0	0	0	-2	0	0	0
USP32P2	220594	0	0	0	-2	0	0	0	0	-2	0	0	0
USP36	57602	0	0	0	2	0	0	0	0	2	0	0	0
USP43	124739	0	0	0	-2	0	0	0	0	-2	0	0	0
USP6	9098	0	0	0	-2	0	0	0	0	-2	0	0	0
UTP18	51096	0	0	0	2	0	0	0	0	2	0	0	0
UTP6	55813	0	0	0	2	0	0	0	0	2	0	0	0
UTS2R	2837	0	0	0	2	0	0	0	0	2	0	0	0
VAMP2	6844	0	0	0	-2	0	0	0	0	-2	0	0	0
VAT1	10493	0	0	0	2	0	0	0	0	2	0	0	0
VDR	7421	-2	-2	-2	0	0	0	-2	0	0	0	0	-2
VEZF1	7716	0	0	0	2	0	0	0	0	2	2	0	0
VMO1	284013	0	0	0	-2	0	0	0	0	-2	0	0	0
VMP1	81671	0	0	0	2	0	0	0	0	2	2	0	0
VPS25	84313	0	0	0	2	0	0	0	0	2	0	0	0
VPS53	55275	0	0	0	-2	0	0	0	0	-2	0	0	0
VTN	7448	0	0	0	2	0	0	0	0	2	0	0	0
WBP2	23558	0	0	0	2	0	0	0	0	2	2	0	0
WDR16		0	0	0	-2	0	0	0	0	-2	0	0	0
WDR38	401551	0	0	0	0	-2	0	-2	0	0	0	0	0
WDR45L		0	0	0	2	0	0	0	0	2	0	0	0
WDR81	124997	0	0	0	-2	0	0	0	0	-2	0	0	0
WFIKKN2	124857	0	0	0	2	0	0	0	0	2	2	0	0
WIBG		-2	-2	-2	0	0	0	-2	0	0	0	0	-2
WIPF2	147179	0	0	0	2	0	0	0	0	2	0	0	0
WIPI1	55062	0	0	0	2	0	0	0	0	2	2	0	0
WNK4	65266	0	0	0	2	0	0	0	0	2	0	0	0
WNT1	7471	-2	-2	-2	0	0	0	-2	0	0	0	0	-2
WNT10B	7480	-2	-2	-2	0	0	0	-2	0	0	0	0	-2
WNT3	7473	0	0	0	2	0	0	0	0	2	0	0	0
WNT9B	7484	0	0	0	2	0	0	0	0	2	0	0	0
WRAP53	55135	0	0	0	-2	0	0	0	0	-2	0	0	0
WSCD1	23302	0	0	0	-2	0	0	0	0	-2	0	0	0
XAF1	54739	0	0	0	-2	0	0	0	0	-2	0	0	0
XRCC6BP1		-2	-2	-2	0	0	0	-2	0	0	0	0	-2
XYLT2	64132	0	0	0	2	0	0	0	0	2	2	0	0
YAF2	10138	0	0	-2	0	0	0	0	0	0	0	0	-2
YARS2	51067	0	0	0	2	0	0	0	0	2	0	0	0
YBX2	51087	0	0	0	-2	0	0	0	0	-2	0	0	0
YPEL2	388403	0	0	0	2	0	0	0	0	2	2	0	0
YWHAE	7531	0	0	0	-2	0	0	0	0	-2	0	0	0
ZACN	353174	0	0	0	2	0	0	0	0	2	0	0	0
ZBTB26	57684	0	0	0	0	-2	0	-2	0	0	0	0	0
ZBTB34	403341	0	0	0	0	-2	0	-2	0	0	0	0	0
ZBTB39	9880	-2	-2	-2	0	0	0	-2	0	0	0	0	-2
ZBTB4	57659	0	0	0	-2	0	0	0	0	-2	0	0	0
ZBTB43	23099	0	0	0	0	-2	0	-2	0	0	0	0	0
ZBTB6	10773	0	0	0	0	-2	0	-2	0	0	0	0	0
ZC3H10	84872	-2	-2	-2	0	0	0	-2	0	0	0	0	-2
ZCRB1	85437	0	0	-2	0	0	0	0	0	0	0	0	-2
ZFP3	124961	0	0	0	-2	0	0	0	0	-2	0	0	0
ZMYND15	84225	0	0	0	-2	0	0	0	0	-2	0	0	0
ZNF18	7566	0	0	0	-2	0	0	0	0	-2	0	0	0
ZNF207	7756	0	0	0	2	0	0	0	0	2	0	0	0
ZNF232	7775	0	0	0	-2	0	0	0	0	-2	0	0	0
ZNF286A	57335	0	0	0	-2	0	0	0	0	-2	0	0	0
ZNF287	57336	0	0	0	-2	0	0	0	0	-2	0	0	0
ZNF385A	25946	-2	-2	-2	0	0	0	-2	0	0	0	0	-2
ZNF385C	201181	0	0	0	2	0	0	0	0	2	0	0	0
ZNF594	84622	0	0	0	-2	0	0	0	0	-2	0	0	0
ZNF618	114991	0	0	0	0	-2	0	-2	0	0	0	0	0
ZNF624	57547	0	0	0	-2	0	0	0	0	-2	0	0	0
ZNF641	121274	-2	-2	-2	0	0	0	-2	0	0	0	0	-2
ZNF652	22834	0	0	0	2	0	0	0	0	2	2	0	0
ZNF740	283337	-2	-2	-2	0	0	0	-2	0	0	0	0	-2
ZNF750	79755	0	0	0	2	0	0	0	0	2	0	0	0
ZNF79	7633	0	0	0	0	-2	0	-2	0	0	0	0	0
ZNF830	91603	0	0	0	2	0	0	0	0	2	0	0	0
ZNHIT3	9326	0	0	0	2	0	0	0	0	2	0	0	0
ZPBP2	124626	0	0	0	2	0	0	0	0	2	0	0	0
ZSWIM7	125150	0	0	0	-2	0	0	0	0	-2	0	0	0
ZZEF1	23140	0	0	0	-2	0	0	0	0	-2	0	0	0
