hash,size,filename,uploader
d2cf7e0f7fd078c58de28b5a997aa886,41401218941,1208LC_R2.fq.gz,Jun Shang
b0e98db425e1216eab249853106a80d1,37887650735,1205LC_R1.fq.gz,Jun Shang
acd94f6b69989af4a58117b588b7576f,39268428784,1208N_R2.fq.gz,Jun Shang
02224ccdab8333e80fec197fd724e449,37893789561,1208N_R1.fq.gz,Jun Shang
25a62380a02c47e42f8a9c08080a4020,39779254862,1208LC_R1.fq.gz,Jun Shang
52044995e1470f754317eb9897b42609,40079367643,1204LC_R1.fq.gz,Jun Shang
914a0bd2771f8f23c326ac301e7a8f85,40960528081,1209LC_R1.fq.gz,Jun Shang
c91cb224c6bad8e48281677936b9c70c,42280120989,1204LC_R2.fq.gz,Jun Shang
29b9b0f24de35849adfc3341835aa0bc,39748153602,1205LC_R2.fq.gz,Jun Shang
96f911d0b7a919134f9e23d3d42a2497,42313148453,1209N_R2.fq.gz,Jun Shang
8f89c75e88b53b592433ec20590c359b,42068528552,1209LC_R2.fq.gz,Jun Shang
2053e03cf7fb907f104e064188bc5fb3,40759337926,1209N_R1.fq.gz,Jun Shang
3d2eba7092c432c8a8e79b670d213ec6,39911082633,1667LC_R1.fq.gz,Jun Shang
ea31cef762b4b20b031862a1fce0a2bb,41377271927,1667N_R1.fq.gz,Jun Shang
930e98a2006119469cfb56a584333b7a,40667194935,1667LC_R2.fq.gz,Jun Shang
19cf69349f8747add9a307c6c6491aee,41130966262,1734N_R1.fq.gz,Jun Shang
17dff959b01024792912539e6eab2aad,40247492480,1734LC_R1.fq.gz,Jun Shang
f1e577bbe7f0a17030008c2cfd10a6d5,42544068973,1734LC_R2.fq.gz,Jun Shang
1bd27edce88c7c425801082a49d9ceef,42367124059,1760N_R2.fq.gz,Jun Shang
08c7ff6131e557e6cb60dfd09afeb257,43454852138,1667N_R2.fq.gz,Jun Shang
1d0ebd033a6f48c770773583c827307b,42891441197,1734N_R2.fq.gz,Jun Shang
085413876b9a8734e0792d0d8a494de1,34448350954,1793N_R1.fq.gz,Jun Shang
873c073b744e9c96df7b6613277ca19c,42405088148,1760LC_R2.fq.gz,Jun Shang
e67da5b43bb0e2f46b74a85cb4db3099,38652712915,1793LC_R1.fq.gz,Jun Shang
b3a75b9df659f0112d9c90e451fc7d38,35709250577,1793N_R2.fq.gz,Jun Shang
b385970de3d552ff57bb3df29c4b7196,40406424481,1760LC_R1.fq.gz,Jun Shang
187ad96d4e3c65bbe068dda1243dc0f2,40728454494,1793LC_R2.fq.gz,Jun Shang
6d280c7c0554a079f78aabc68de7809b,41387162767,1843LC_R2.fq.gz,Jun Shang
1ad4d313a86c83d3cbef10f32f653d78,41063307017,1760N_R1.fq.gz,Jun Shang
8bae8491c624c500ecc07ebf34c3907c,39501891111,1843LC_R1.fq.gz,Jun Shang
f8eaa1a397364f61f46c5ba3710bdfca,42772376812,1843N_R2.fq.gz,Jun Shang
672f147efc469af3c64f01297a6c411d,41105610275,1843N_R1.fq.gz,Jun Shang
1ea9e2025177acdab007f82e1ab9ff54,34942192106,1858LC_R1.fq.gz,Jun Shang
350aef3daed97242570c530618c7eacd,41120923575,1858N_R2.fq.gz,Jun Shang
f38b21dbe7ae4bbc7e6d52a797fec791,36693413132,1858LC_R2.fq.gz,Jun Shang
ec1a0a5c19f24edc6da159ba4407343d,39037223393,2101LC_R1.fq.gz,Jun Shang
94dc6bb967e472727b995eabbafb398c,40528572156,2101N_R1.fq.gz,Jun Shang
0bf1c3e36debe3730c15b778f82ab18a,39018061549,1858N_R1.fq.gz,Jun Shang
bf341b7ab04ba9afe633605cb349f6e3,40560199647,2101LC_R2.fq.gz,Jun Shang
6bb58ec6b1ad904940ef8687476d96ed,39507200572,2378N_R1.fq.gz,Jun Shang
6df39bd198f1ed2b9ce8b8eae4862d8c,42822709367,2101N_R2.fq.gz,Jun Shang
e2e1816192940a1a9f7965a709701e7d,39315305270,2378LC_R1.fq.gz,Jun Shang
8c206e7baeba2fbb80d4fbc1a8c60265,41845217201,2378LC_R2.fq.gz,Jun Shang
947967679f062f1e8be167f5de0c4ee6,38437009619,2424N_R1.fq.gz,Jun Shang
232fb6ec778cac21c11b3586e855f34a,40452655574,2424LC_R1.fq.gz,Jun Shang
4e37c0b184e15d4904a44655160e1e53,41882400655,2378N_R2.fq.gz,Jun Shang
1992290f97ea2738fdf4a961613218ab,39894320738,2424N_R2.fq.gz,Jun Shang
6a30dd6a63f01f93d1f0f515c6370163,42023179357,2424LC_R2.fq.gz,Jun Shang
b100639ff3288578e7cf30e2caf9f768,41602127974,2730LC_R2.fq.gz,Jun Shang
6c541159fe504dc46c98cc899eb0e678,39666327650,2730LC_R1.fq.gz,Jun Shang
7e2e3e79a54029287cbb19ea4f6df44f,41507422554,3277LC_R2.fq.gz,Jun Shang
3ba20794d654745372c320b9f102fb52,41401605733,3276LC_R2.fq.gz,Jun Shang
b055dd0a6f45cc37c47ff5ec05c837a6,40160916545,3276N_R2.fq.gz,Jun Shang
3517ed87e7f5ec368e92094c6d2778db,43257777422,3278LC_R2.fq.gz,Jun Shang
bc6c007ffa8d2611be22c2aaa8baa93d,38566959777,3276N_R1.fq.gz,Jun Shang
ffb600002e55b7212784a9f5d188a652,39460925985,3276LC_R1.fq.gz,Jun Shang
5e390b252f73d527b4732ed65b84d50c,39062135682,3277LC_R1.fq.gz,Jun Shang
beea6c66a168111a5839e71965dfbefb,42738721754,3293LC_R2.fq.gz,Jun Shang
a5a9f7e2e3ad20ca98981fe6d3bd674d,40608250876,3278LC_R1.fq.gz,Jun Shang
d115ba1a58e3094f61d27a526487bd07,40899308059,3298N_R1.fq.gz,Jun Shang
0050e8706df0b48e53822719a8cea69e,40611889692,3293LC_R1.fq.gz,Jun Shang
dfa8607ca5e8730163f42b7bee11f6a4,38901882662,3293N_R1.fq.gz,Jun Shang
dd70e3ad0c9dbf9f4f9ab26940eda110,40656813756,3300LC_R1.fq.gz,Jun Shang
0346248c65b2237014ef459f4df78fa4,41210785106,3293N_R2.fq.gz,Jun Shang
77dce18bb134093449bd8f96b8e3621d,39785379527,3298LC_R1.fq.gz,Jun Shang
ef2dfd594b4a75dccc779ad2abb53288,43149372129,3298N_R2.fq.gz,Jun Shang
4ca63e75029977d842ffd970a4e7f392,41963592229,3298LC_R2.fq.gz,Jun Shang
00ce6cb6f6e3dc8d908ebb03ee5ffa4e,42747239545,3300LC_R2.fq.gz,Jun Shang
99fef60c0d327bffd84c6fb4b733d61b,39501092709,3464LC_R1.fq.gz,Jun Shang
58814fa3679d9a1fb25781f92312c085,39811939520,3300N_R1.fq.gz,Jun Shang
fd59beda8c8f834f886ef05fa72be112,42010305925,3300N_R2.fq.gz,Jun Shang
16d7b6c599c3b8429afb159393712d4c,39907475238,3409N_R2.fq.gz,Jun Shang
a669b8b26adb84436a2849aa9a2a94d9,38722843613,3464N_R1.fq.gz,Jun Shang
b018752ad8962c1a80f2c8ca239cedb6,41449661626,3464LC_R2.fq.gz,Jun Shang
240f028a895aac4707fae53bbafe9fc2,41069400114,3464N_R2.fq.gz,Jun Shang
b6acbb7ea71715ae6d9a6693cc4e0406,41250162167,3409LC_R1.fq.gz,Jun Shang
88ef66eb66dd63d3f4a3f25f0a03306c,40812955471,3517LC_R2.fq.gz,Jun Shang
9eb02589f0ae9494abcc988521b23ae3,43171323840,3409LC_R2.fq.gz,Jun Shang
30a948c56a8f99f60358012bd9f0b1c5,38299445676,3409N_R1.fq.gz,Jun Shang
9e1e8262fc8aa290886b59ed7454820e,39914464572,3717LC_R2.fq.gz,Jun Shang
525da897f1d4f7be63ca6a39824b0f98,37838242862,3496N_R1.fq.gz,Jun Shang
3e165e13fd1a91d87a43759fc8cda3a4,39496440160,3496N_R2.fq.gz,Jun Shang
f29171e67e5031776f88dbe352ec2a92,37951692651,3516N_R1.fq.gz,Jun Shang
8eb033b21a94d916f39ef343fa79584a,39184500032,3517LC_R1.fq.gz,Jun Shang
828ee8b21282bd9d863788260cc4028c,39716759654,3516N_R2.fq.gz,Jun Shang
774d1b22bc71cc8c10a41c48919433b1,41668552270,3716LC_R1.fq.gz,Jun Shang
40596f024aed2b1e86c0cd3bd50e26f7,40870939494,3717N_R1.fq.gz,Jun Shang
3d627e580aa6388f0ba80bf87c8565a2,43659715660,3716LC_R2.fq.gz,Jun Shang
385dca496c581ed1270f4a0f8b8ea5a3,38420261883,3717LC_R1.fq.gz,Jun Shang
14f90a0b4f19aaace8a683122a7b696d,42677820556,3717N_R2.fq.gz,Jun Shang
9306c5a871e25f233fb290a4413de2b1,43556569639,4025LC_R2.fq.gz,Jun Shang
01388bad2a3a1e3efba582d55869669d,38345447838,3925LC_R1.fq.gz,Jun Shang
f8b23df177b616cef27246ac2f5bb35a,40348220803,3925LC_R2.fq.gz,Jun Shang
7eb69510b1a47c504b423af3e2d33541,39990766715,4057LC_R1.fq.gz,Jun Shang
969cf4975cc33b2dbf2dd4421b538647,41915003493,4025LC_R1.fq.gz,Jun Shang
528795bfc34d6f793073473f367568a4,39150902427,4025N_R1.fq.gz,Jun Shang
dc65593b418322516c0f9e2ec8816e57,43933913135,4057N_R2.fq.gz,Jun Shang
67162ebdf7f2aa0dceb8c5759ff53585,42153806036,4057N_R1.fq.gz,Jun Shang
cfebe81ec43c59025c4ca55acf2cd907,41665879875,4025N_R2.fq.gz,Jun Shang
9a2323d1d71f6eb10124b18898b78a00,38174084092,4216LC_R2.fq.gz,Jun Shang
190365027d52e57fc6c57c76fb3ddf3c,37259425151,4216LC_R1.fq.gz,Jun Shang
84187ef927d7fd6ab6f5f320567e501f,41687774495,4057LC_R2.fq.gz,Jun Shang
1f8371bf9423b95ed091b4b79e894fd0,40911481635,4228LC_R2.fq.gz,Jun Shang
0bd3b7422db5f65e2bba9b1420a9aa77,39198196984,4228LC_R1.fq.gz,Jun Shang
86ed0c644414d52c7dfe9357d8bde7db,41820264497,4214N_R2.fq.gz,Jun Shang
a627af101072702ee109aad77c387224,37759830423,4216N_R1.fq.gz,Jun Shang
3920a5bb117b21aa61df693afef377ae,40958986377,4228N_R1.fq.gz,Jun Shang
78ef59d7c415a4af35cda319697ab424,39268632779,4216N_R2.fq.gz,Jun Shang
e7ab09d4971b6df3f6a0680157a01944,40387359390,4229N_R2.fq.gz,Jun Shang
1eaf484acfc4697c093dfd73692e21fe,42956042181,4229LC_R1.fq.gz,Jun Shang
dc68f159053c7c7d9cfde93c117ceb06,42829116870,4228N_R2.fq.gz,Jun Shang
16aff44a6d59ab8761635689b3c2c554,42181207831,4246N_R2.fq.gz,Jun Shang
74c94940e7f6e57a405c39d2e6af0874,44892042841,4229LC_R2.fq.gz,Jun Shang
a041eaf16f4bd44b622def0218a9fa8a,38745840427,4229N_R1.fq.gz,Jun Shang
08e93866e6a416d4e5c8a8b82b710219,44175914670,4257LC_R2.fq.gz,Jun Shang
cb8640feb71d30a89bddb8ac6ae000cf,42550283679,4257LC_R1.fq.gz,Jun Shang
a2cf30237814627a22a9fab43f52cac6,40702504123,4246N_R1.fq.gz,Jun Shang
8bb2c456f73255e207997e010eede7ce,39969993065,4257N_R1.fq.gz,Jun Shang
16e449abdc290df20a31f2526ff8601b,35577463072,4246LC_R1.fq.gz,Jun Shang
9fb2ff77953bc87f6cb3fdd855d81c7b,37079539305,4246LC_R2.fq.gz,Jun Shang
0d3e5215f6ac6b3a2dd54f5c6d4b7aff,38962017597,4274LC_R1.fq.gz,Jun Shang
2b1deffb1d2968a567b98c760e2ed5c6,41898387127,4263LC_R1.fq.gz,Jun Shang
2af9b069263fad363b912a1591f81292,41582477078,4257N_R2.fq.gz,Jun Shang
81c03b2438dd9c38f1259a5dba3fd5cb,40977701918,4274LC_R2.fq.gz,Jun Shang
5bfe852b9d4282eb4a3bf77ef19453e4,41301394333,4263N_R1.fq.gz,Jun Shang
b0d8e119ac6c59feddfeefeb42523b6d,43416222823,4263N_R2.fq.gz,Jun Shang
4e422b2b69ba14abd601aa51870191f1,39092947342,4276LC_R1.fq.gz,Jun Shang
cdec7779d6447494b9636b903ea1cbf5,43107396654,4274N_R2.fq.gz,Jun Shang
e87355f75df6a8972de193d25f6dbf36,44171686155,4263LC_R2.fq.gz,Jun Shang
d16814e8dfe8151eb11e46b9df1fae21,41060936683,4274N_R1.fq.gz,Jun Shang
b4c6b77815cd0c027bb29478da8342e8,40946812930,4276LC_R2.fq.gz,Jun Shang
e9ce8d3df4e939e02528430f22973328,37074916234,4276N_R1.fq.gz,Jun Shang
312cc9aeff9641fd3668a5d5e05f2bea,42039277151,4300N_R2.fq.gz,Jun Shang
afb1c5eab17ae6d1e2b81a399f0dd1c9,38744052640,4276N_R2.fq.gz,Jun Shang
4cf39823bbec17f364a07de261031504,39563086481,4300N_R1.fq.gz,Jun Shang
6f7c7e250a1cc34ad268f4399d0498c7,40458097512,4284N_R2.fq.gz,Jun Shang
9610ae05f622c4cec14979369eb6c7b0,41406079139,4284LC_R2.fq.gz,Jun Shang
41cc69788ae35c75df39d85ad7b85c70,38632867518,4284N_R1.fq.gz,Jun Shang
f5292d5b42cb9a6f0681d4339cb1ae4b,41078246884,4310N_R1.fq.gz,Jun Shang
75c45332fcc30ed219e1170b1a70f571,40230095676,4301LC_R1.fq.gz,Jun Shang
6e0ae63157865652a7a9ec116c131620,39911919173,4284LC_R1.fq.gz,Jun Shang
95970e85528e1d7b4ecd987767413f74,42860076423,4301LC_R2.fq.gz,Jun Shang
01d3f505d0ba5e33bbd56ec74e33a26c,41810517094,4310LC_R2.fq.gz,Jun Shang
f14467433cafd3403578d5d7d3c10779,39992541040,4310LC_R1.fq.gz,Jun Shang
b67cd72cd84f0de9df6151eedaf4286f,40348873488,4390N_R2.fq.gz,Jun Shang
4ce64724a177ba7e046fedea7a56b982,38450912971,4390LC_R1.fq.gz,Jun Shang
c5c61b4cbd7efa172070a4bac2af088a,43079934550,4310N_R2.fq.gz,Jun Shang
0ffcd101f18acfceb7215d667e38f53f,40353458419,4390LC_R2.fq.gz,Jun Shang
ff9258d9d77ceb96abb967d0a01f7f54,38430236281,4390N_R1.fq.gz,Jun Shang
c82241a13d6184bebce27d058473697c,38677553765,4398LC_R1.fq.gz,Jun Shang
e4197fd0e254c298218cd9fb3874fb92,43758133614,2777LC_R2.fq.gz,Jun Shang
91cd733567f723561cea89654da38b2d,38545532868,2777N_R1.fq.gz,Jun Shang
21ea17402a67992c155a64457f0434d1,41669762401,2777LC_R1.fq.gz,Jun Shang
6f7fdf45c40d9c18fccd6a56dc31451f,39989780215,2730N_R1.fq.gz,Jun Shang
ef65302001ef061a8c3a92bc051fd6fd,41545258472,2730N_R2.fq.gz,Jun Shang
0a58877723dca98e5fce792cb4e9d27d,41221507562,2777N_R2.fq.gz,Jun Shang
02486bf7526a75c31d12cdc61dfc6ec6,43282448790,2852N_R2.fq.gz,Jun Shang
faa2d10cc693efb1bc67eb438f497e9a,39733504628,2852LC_R1.fq.gz,Jun Shang
f99314cd651ded2d3df9105a9e8f359e,41828056051,2852LC_R2.fq.gz,Jun Shang
59ea102aa252d53df02e5551e6cae3bd,40801418857,2878LC_R2.fq.gz,Jun Shang
1fa79f2f2243897a5231db57eda854d4,39255413595,2878LC_R1.fq.gz,Jun Shang
94ce86dcb93b8766e60a63c9fd01fd3f,40654084947,2852N_R1.fq.gz,Jun Shang
9edf49468acf6bbfa59a3527954fcbe5,41104810939,2975N_R1.fq.gz,Jun Shang
cd1e56c4620402cd2370211fdd03e9c9,40117007367,2878N_R1.fq.gz,Jun Shang
01a364884c96a42a75221253445ef5f5,42561384349,2878N_R2.fq.gz,Jun Shang
f10df76ac36b211844cab00e75b46714,40864506690,4102LC_R2.fq.gz,Jun Shang
269f96d0b03df9c325d8f3481949fc66,41537806317,2975LC_R2.fq.gz,Jun Shang
5ff8bba50ddc16504b716467baf52cc8,39581394560,2975LC_R1.fq.gz,Jun Shang
9034565211205e90cb3c8690380505aa,36655537799,4116LC_R1.fq.gz,Jun Shang
d70ca219d3c293496dfb4df94612bd8b,43675694305,2975N_R2.fq.gz,Jun Shang
75cd3fe3b76ab9933bd79bd9ddc57d17,38713623145,4102LC_R1.fq.gz,Jun Shang
605983f3df631d06636db362c329b957,40566927974,4109N_R2.fq.gz,Jun Shang
f83a4687c730f13564b66bf452ffd9e4,42756438091,4109LC_R2.fq.gz,Jun Shang
d16c8af660ea0dbcb9e77bb4c109d721,37837241174,4102N_R1.fq.gz,Jun Shang
38e02b82df459b35dc8f48d032aaa051,38591173699,4109N_R1.fq.gz,Jun Shang
eaf4f99507534652c6376eb66442b788,40885168447,4109LC_R1.fq.gz,Jun Shang
d2d3e1995a4c296dbe3d2603754ce74d,39862733746,4102N_R2.fq.gz,Jun Shang
79d933127edb4d1580fc8fca2d4a54c0,40677613248,4116N_R2.fq.gz,Jun Shang
892c1324b8d8c85bb0f4c650722cbfa0,38988036752,4116N_R1.fq.gz,Jun Shang
f77851b40932525d30902856045ec5be,38658177327,4116LC_R2.fq.gz,Jun Shang
2322b879c045b71b0e5f6f645e7a013f,39369910489,4158N_R1.fq.gz,Jun Shang
7110a8b8a24f247bfcfbb6d848cf46b2,41080286480,4172LC_R1.fq.gz,Jun Shang
c452e879ac6afb8854c0198eb6a0fe97,41794859233,4158LC_R2.fq.gz,Jun Shang
4957cb415f53e8d69243b81bc1428b72,41529738839,4158N_R2.fq.gz,Jun Shang
a15c8b950941671c6e8de9ebec64f5ed,42811477069,4172LC_R2.fq.gz,Jun Shang
9955a581232b8a8e1afaa50f025c04d1,39846984415,4158LC_R1.fq.gz,Jun Shang
9b3fb9558e8c006d5ca9130b2afe5619,39861706201,4172N_R1.fq.gz,Jun Shang
f8efcfe20d951b1f1c3301822ac1c8b1,40097657746,4179LC_R2.fq.gz,Jun Shang
1b1af1e598bbe6ff55037a1635ad2623,38353410931,4179LC_R1.fq.gz,Jun Shang
0e1a7dc47e8d59117e091f5001565220,39670503374,4179N_R1.fq.gz,Jun Shang
1ca54856232b249707a27d2129e59562,35000454336,4183N_R1.fq.gz,Jun Shang
f37c13fbeab2b7d5ab9ea4825c72b38a,41870867737,4172N_R2.fq.gz,Jun Shang
980d881e320a2f5359fb7a17bfa2e634,41732954219,4179N_R2.fq.gz,Jun Shang
d058c7c39caf8c58f373eb8be209dee7,41741130788,4198LC_R2.fq.gz,Jun Shang
b3e57cb542707392f0e4036009ae4c0c,36605600512,4183N_R2.fq.gz,Jun Shang
70e4b777f18f6c71bcb968a935238c2a,38292428853,4183LC_R1.fq.gz,Jun Shang
aa3522b8c4b2e026aac1f46e96bebae8,40411420958,4183LC_R2.fq.gz,Jun Shang
23e551be6636f6ffd3d2a223eaa50f6e,39543022147,4198LC_R1.fq.gz,Jun Shang
6dccb6c33f641b9579334837ee0ef469,42358885807,4199N_R2.fq.gz,Jun Shang
91e3968aa03f58fb135c4c5ed7da1a6e,41740975475,4210LC_R1.fq.gz,Jun Shang
b4184493869f929df4b6e3dda5c93ad2,37261955834,4198N_R1.fq.gz,Jun Shang
60f27b15ccc490190a1a71ca27b2e853,42471413470,4199LC_R2.fq.gz,Jun Shang
77ad9d38bece0cde1c5c091a468a72e5,40591168226,4199LC_R1.fq.gz,Jun Shang
69ef0f00becca7b5d4c6414ef2136a4d,40155459335,4199N_R1.fq.gz,Jun Shang
9ebe9f74e5b040bf630223ad26d315fd,40944021058,4210N_R2.fq.gz,Jun Shang
0480cc162428aa0ca54243a9cab141b3,41638305407,4214LC_R1.fq.gz,Jun Shang
72ece91fcfa14f4c2835a737821e76c7,43726279761,4210LC_R2.fq.gz,Jun Shang
53204f09aa07b1e9db35c84aa1d9470a,40179269412,4214N_R1.fq.gz,Jun Shang
18f4c111a361ab1379376279e23abde3,38707029025,4210N_R1.fq.gz,Jun Shang
cbebb2ce5e64937fcd37ebe2c796ca45,43974214687,4214LC_R2.fq.gz,Jun Shang
1b6b1b0f1c128b89fea5c3e76fc854eb,39786416374,4398N_R1.fq.gz,Jun Shang
8d203b428207bbeb3695d0667d1dce02,39816429294,4407N_R2.fq.gz,Jun Shang
59e7808aa928f067ee22605d79e396ee,39953951913,4398LC_R2.fq.gz,Jun Shang
c2aa6530843596207c58ffe89b71fdc6,38752018405,4407LC_R1.fq.gz,Jun Shang
e098b0ff9d04c0533ed766f419c55ebf,40592895142,4407LC_R2.fq.gz,Jun Shang
6e7b236e9188c6c0c5dc4ac9f61a1ec9,41520096112,4398N_R2.fq.gz,Jun Shang
a2a1094696b028663644b6bc0ec202f2,40097881412,4421LC_R1.fq.gz,Jun Shang
9c408fe20a5a65412bc21c099e9118fc,38307277102,4407N_R1.fq.gz,Jun Shang
4d2169a8ff3daa9b1b0a2d30426c019d,40586189388,4442LC_R1.fq.gz,Jun Shang
632ffb6ab261ed5a3fef5b9917535962,41885289710,4442N_R2.fq.gz,Jun Shang
9ef63166d8b0be0b74093e3ffd96d6f9,41974206043,4421LC_R2.fq.gz,Jun Shang
9a48f9463da2ba37f92a745bafd00fb4,40955688776,4452LC_R1.fq.gz,Jun Shang
e8d7c3c80f7595f158d64a15e16b7166,43014737100,4452LC_R2.fq.gz,Jun Shang
9ad5093f54477283c6005d74e778d765,38178216874,4421N_R1.fq.gz,Jun Shang
1b6bba352a4ce0c652cfbd889e6b1042,42376389582,4442LC_R2.fq.gz,Jun Shang
7847a1fe87857467d3ddfa95a9f62e50,40178223050,4442N_R1.fq.gz,Jun Shang
312ff079a1058c44145cf2ec607f708d,39826232569,4421N_R2.fq.gz,Jun Shang
6c7cbb4d990381243a71af955117e821,38873038296,4452N_R1.fq.gz,Jun Shang
e69c1ce82fffddfe40de2c2e05bd8d71,40345036466,4452N_R2.fq.gz,Jun Shang
3069deaa5722346960154a99aba49fed,37756050263,4457LC_R1.fq.gz,Jun Shang
b1877ef94c85cc5fc98ff6a6d1ab5003,39699886074,4457LC_R2.fq.gz,Jun Shang
01dc495cc2aa86aac6eb865ce61f0945,38951191108,4457N_R2.fq.gz,Jun Shang
194e7fa5753bb5efafd6cf2902ca9921,37553379419,4457N_R1.fq.gz,Jun Shang
0913872b4e88dbb159ff7538951ab6f7,38839548705,4458LC_R1.fq.gz,Jun Shang
b88b9095bfd1c8aa87e3c315be58820b,38190138744,4462LC_R1.fq.gz,Jun Shang
4ad5630ce61d73ee2c892bbbdd7f5c4f,38934803904,4458N_R1.fq.gz,Jun Shang
510611a3fee77f2b4945b7ede190fba6,39481118445,4462LC_R2.fq.gz,Jun Shang
3b7a6e4cb81fd304cb9b5e67e4ee51da,40531786727,4458LC_R2.fq.gz,Jun Shang
ba63c748d69dae07db838724c89a8f4d,40374912727,4458N_R2.fq.gz,Jun Shang
3f3a1320156b3116a90321c3c1685be4,40403421285,4584LC_R1.fq.gz,Jun Shang
9fc78c958e1cde10822ce1c360088338,39197671090,4462N_R1.fq.gz,Jun Shang
f6d87a3bd2a5d24fa94be31b87b68bcb,39819377350,4593LC_R1.fq.gz,Jun Shang
82ac7a5f2733ab4a9eac767d29575d57,39781849179,4574N_R1.fq.gz,Jun Shang
191fb1698de5e9ad36ffe08b4d029448,41985476028,4584N_R2.fq.gz,Jun Shang
8665e8aef04e6e028b2ed6a3ebeb4fb2,41472227732,4574N_R2.fq.gz,Jun Shang
a3e2f1a21c1cc8b5dcb3a62a43017a9f,42087224426,4584LC_R2.fq.gz,Jun Shang
1c6a6c2f712ca20c85363963013b7a68,41891617482,4593LC_R2.fq.gz,Jun Shang
4eddc0618f492635001a24cb32e0c8a9,40467508568,4584N_R1.fq.gz,Jun Shang
4ce946c7cbcaf1db4325eb04187ad8d0,39521123609,4593N_R2.fq.gz,Jun Shang
411a4b4c035e6dd1831ad0a637181233,38219321097,4596LC_R1.fq.gz,Jun Shang
b9275e889492a687623c1092717cf823,38268079296,4593N_R1.fq.gz,Jun Shang
ace67625ac33e475de0e713a87cab84d,39884850911,4596LC_R2.fq.gz,Jun Shang
d4d64a9fca1e17a96fafceabf27f8fdb,41068866103,4599N_R1.fq.gz,Jun Shang
4213127bda0dcec64657a627e5643c39,40177163681,4596N_R1.fq.gz,Jun Shang
ef717432bd1ab4f2f1b3b2f8ce1b2d82,42788027288,4599N_R2.fq.gz,Jun Shang
3d47152af6a71cedd22b2c57563de27a,38604336417,4603LC_R1.fq.gz,Jun Shang
c4430566252a49effb7558b559687d66,40109438016,4603LC_R2.fq.gz,Jun Shang
3985344434c4ee54cb1cc13981df661b,42873546000,4599LC_R2.fq.gz,Jun Shang
ef9bbf7b3e2d804d90b6888529084f40,41043679342,4599LC_R1.fq.gz,Jun Shang
3d01c35f57a55687f99f9d62388ddd52,42042986571,4596N_R2.fq.gz,Jun Shang
5dc3cddc5ca375bbc18485b6dad456ab,42096568346,4603N_R2.fq.gz,Jun Shang
2fe60250e0f303f996ddc6bcb1569beb,42116503521,4606LC_R2.fq.gz,Jun Shang
ec53fac9ca49b9cc667f5d6c7262032d,40264731695,4606LC_R1.fq.gz,Jun Shang
6dfe902a3b70d4328ba4ca12df98eec9,41336096989,4606N_R1.fq.gz,Jun Shang
c2179ba87758645ebcfff2108498282d,39894816974,4612LC_R1.fq.gz,Jun Shang
b8f98ea94f1ce8cf1a0083b342ef6ad8,40514842213,4603N_R1.fq.gz,Jun Shang
f2166a369effce2cd0accb01d2d35fb4,41363845260,4612LC_R2.fq.gz,Jun Shang
03153fe8161e2bb1e31984f2c268f877,39082501851,4612N_R1.fq.gz,Jun Shang
4ee5985b2267b6cb2a38125ac564781f,42487413032,4606N_R2.fq.gz,Jun Shang
7f33c11650a74c3e16c7a9f762cab8ad,40932446927,4612N_R2.fq.gz,Jun Shang
15da8e0437649d67f4861532a3fd8461,40773785705,4619LC_R2.fq.gz,Jun Shang
fe7eb0866e68bb899e0956aa49c91209,39401898417,4619LC_R1.fq.gz,Jun Shang
1737877c54bd3d4e9ac1675b9ec23c6e,41076517590,4651N_R1.fq.gz,Jun Shang
dadc2ea30a44b69a95f46e992cca1269,39599682948,4666LC_R1.fq.gz,Jun Shang
4d7d3e5331236d48edfd214a78fe017f,39377169365,4619N_R1.fq.gz,Jun Shang
86844f0813a2eb4b62113241bc2c12e6,40832611301,4619N_R2.fq.gz,Jun Shang
3afd0098e1bcdb660d24f6ea1ee43c35,42605743242,4651N_R2.fq.gz,Jun Shang
655ea42822a0b5ab9b65138bb3bd7934,41188798117,4666LC_R2.fq.gz,Jun Shang
ce58f94d3848f473f697cf5dba5dbf96,43060564179,4651LC_R2.fq.gz,Jun Shang
84d77f885f7f9dfdd318063d32956fef,41108072733,4666N_R2.fq.gz,Jun Shang
7462c72b3ea8470e07537de905629910,41410622456,4651LC_R1.fq.gz,Jun Shang
20c52207d844c3d7649b24afa5399838,39496609729,4666N_R1.fq.gz,Jun Shang
6c16a1338a63a65a578b18ed40e8bd26,36687360357,4689LC_R1.fq.gz,Jun Shang
eb43eb3b570b180f862a9783fa6f85d1,39207078110,4689N_R1.fq.gz,Jun Shang
e7add9a3410fee0f9b77b059fb298979,37632892176,4689LC_R2.fq.gz,Jun Shang
ffc8644c11c5c06c981d5a5e90841f6e,38951005830,4699N_R1.fq.gz,Jun Shang
28f3079a683fd3065f3516bc58c78bcc,41016660480,4689N_R2.fq.gz,Jun Shang
6b37ac8b8d370eda1f541fb0f0c57435,39950257228,4699LC_R1.fq.gz,Jun Shang
8dde1ffc6854b281eaf2f104168da102,41571019086,4699LC_R2.fq.gz,Jun Shang
38dbf405f7241b5fa2c51c23bbb35c90,40378805589,4699N_R2.fq.gz,Jun Shang
8bb66816b25d4137149c08573256d4fd,38153484635,4882N_R1.fq.gz,Jun Shang
627b6e59031778ae794a6810acb58d9a,40013740694,4882LC_R2.fq.gz,Jun Shang
58fa99fca9edb0619d2c2bf00b523815,38536452520,4882LC_R1.fq.gz,Jun Shang
17a7eabd0a1ea322f8f922489bd9ceb0,39580807686,4882N_R2.fq.gz,Jun Shang
962c3a8942e2c87d4e17c41a505e177b,38228656849,4878N_R1.fq.gz,Jun Shang
6ec4001601a222360d3063b2995b37c1,40050657344,4887LC_R1.fq.gz,Jun Shang
9508f9b5cb144cb84138924f36303b52,39069728764,4878N_R2.fq.gz,Jun Shang
66230948ce03fad830abe54b8d6c51b6,38235493032,4883N_R1.fq.gz,Jun Shang
e2c44476601d9cb443b489f4411b640a,34689873932,4888N_R1.fq.gz,Jun Shang
30fe7799ce5e5f14e5af152a12285146,35652395447,4878LC_R2.fq.gz,Jun Shang
43f44ad4dd36ab47da7222734e8aaab4,40001708868,4883N_R2.fq.gz,Jun Shang
51cb7e14415d86212d1b053da881dbd8,39392675594,4887N_R1.fq.gz,Jun Shang
4a022263b739e60366e710dc071dbeed,37937768220,4883LC_R1.fq.gz,Jun Shang
0b0df3ebbdc04d77bf2f26bfaf37c5a6,35165705711,4888LC_R1.fq.gz,Jun Shang
b229d7cee2046890b8850df40010ad58,38437470725,4895LC_R1.fq.gz,Jun Shang
a5528c34302a8d236fff45cf47134a62,39349861960,4883LC_R2.fq.gz,Jun Shang
738c8b97d63e12dd6efbd3252f7e08f2,35798012296,4888N_R2.fq.gz,Jun Shang
c316e9cea88866ea77c52ebd3e2c5296,40053905336,4895LC_R2.fq.gz,Jun Shang
c3030d427775f57bf5574fd938ae794d,41158415697,4887LC_R2.fq.gz,Jun Shang
8e9bb460cb088843a42208ee7bb65a3c,39118708295,4895N_R1.fq.gz,Jun Shang
002a100b2dd5b6103010dfc3b80bb936,39459834118,4899LC_R1.fq.gz,Jun Shang
6644635bac01983ea2c155f6799c6600,36215171212,4888LC_R2.fq.gz,Jun Shang
f55501033427a1f9e0d2081af8d45bb3,38693821484,4896N_R1.fq.gz,Jun Shang
02a1c371511f011dc7b911cd155f9554,40447306888,4896N_R2.fq.gz,Jun Shang
fad5e1e24c44008e3adc857071876a7b,40938458095,4887N_R2.fq.gz,Jun Shang
4bd7a04626864be6023eb99ccd8a2b50,40978526930,4899LC_R2.fq.gz,Jun Shang
fdf6ae7591d70529756d10a34b3e4a18,40570182126,4895N_R2.fq.gz,Jun Shang
ba0e7cf0325b649a126a9d64b1503677,38787154754,4903N_R1.fq.gz,Jun Shang
df5bc4ffc004c767b5eea84957b351c6,40872865032,4899N_R1.fq.gz,Jun Shang
8eccfc3ab75bf4fee9d9b55c80a54bef,37142206510,4896LC_R1.fq.gz,Jun Shang
551350a504cbe01edc8147a2a904dec2,40464752152,4903N_R2.fq.gz,Jun Shang
c18e5d3f990adcca77ceabb50c9f3c38,40759217403,4903LC_R2.fq.gz,Jun Shang
200789ea13a8f475f2f2b2c30b2e8b8e,38489768463,4896LC_R2.fq.gz,Jun Shang
04fa52e7cf5dcd40ba80dec123601fbe,40207344338,4905N_R2.fq.gz,Jun Shang
6bf7ba584e2729e8ad5792c08b6629de,38040492295,4905N_R1.fq.gz,Jun Shang
2d78dc351e23ef8bc5e03002f93660b4,38787380066,4903LC_R1.fq.gz,Jun Shang
f7547bf2c6e85003e967de4660aac204,40426362751,4908LC_R2.fq.gz,Jun Shang
ef1b2474f58ea48149bb3ebd2979f229,40980430553,4905LC_R2.fq.gz,Jun Shang
4a12e879592497d66177df7cf0ebd658,42991030553,4899N_R2.fq.gz,Jun Shang
2a6d5922c8254b231b483b49b37a7741,40035823365,4908N_R1.fq.gz,Jun Shang
c836177b9da319fcb29c1d9e2cb2ada1,39302301382,4909LC_R1.fq.gz,Jun Shang
ea37299e39964ce20b188b7adbc5fb8b,39177836824,4905LC_R1.fq.gz,Jun Shang
dc36ec002c52bcdea6e7fc8c00b45bc7,41681799407,4908N_R2.fq.gz,Jun Shang
ce880e88edd63ab660facd8d287f5f23,43182367048,4909N_R2.fq.gz,Jun Shang
acd566cec663a0419fb0430c41643381,38830194500,4908LC_R1.fq.gz,Jun Shang
add6f951da685cd35c88a4fb6349176c,37778660058,5951LC_R1.fq.gz,Jun Shang
560632ee2c4e89d2041047b0f348a5bd,40573531836,4909LC_R2.fq.gz,Jun Shang
2a0d9c2d57990443663023ce25eb848c,42487530267,4918N_R1.fq.gz,Jun Shang
176d2df2c8504a13365a58176132191c,41029620934,4918LC_R2.fq.gz,Jun Shang
65400c7e1d15c54b3bc2f339add54dd4,38827936764,5689N_R2.fq.gz,Jun Shang
f50ae3e0c416d23669c40ed2d6071fe2,41321545205,4909N_R1.fq.gz,Jun Shang
c9ddda38c31c8c3a7d0bc8226f38cacc,41594113911,6005LC_R1.fq.gz,Jun Shang
b581a56e877632ef28933bd7a8f08be9,39606830510,5951LC_R2.fq.gz,Jun Shang
e45581556db8e8545cf2f23e217aa940,36967582782,5689N_R1.fq.gz,Jun Shang
dd41766718c930eace938730536c39a8,40463306561,4477LC_R2.fq.gz,Jun Shang
52221bbc4c46506e7c6dd73846617f75,39674125975,4918LC_R1.fq.gz,Jun Shang
20434dc4a5f2bd9b144b7e6475f3adaa,43814312871,6005LC_R2.fq.gz,Jun Shang
ec569b733d77e5f03c1a8b3664e5e7aa,38639687622,4477LC_R1.fq.gz,Jun Shang
39ab1d60004e78f01bf2a8652977aed3,39949848806,5951N_R2.fq.gz,Jun Shang
befa71df4331baec941433daec368fb1,41134643160,4462N_R2.fq.gz,Jun Shang
46ddd9d3ba5687886908e0dc253f2afa,37743916153,5951N_R1.fq.gz,Jun Shang
353b0d6067f37ecaea74d098aa68d88a,43206940256,5160N_R2.fq.gz,Jun Shang
58e7a2d15b9a66085f46d18992e651f0,38965373111,4198N_R2.fq.gz,Jun Shang
d378c404ea747c86cd89f147f4eccdd6,40934099204,5160N_R1.fq.gz,Jun Shang
48756a05764cc54b76f3dbbe00b40230,40617859955,4477N_R1.fq.gz,Jun Shang
4341188239a96968365280ada7238b04,42725538752,5160LC_R2.fq.gz,Jun Shang
cf0a616ffaeb380a09f67b8b50b98113,41595005222,5120N_R2.fq.gz,Jun Shang
f9ab7c48c453edd4bd5d4fcda037b4a1,40436683727,5159LC_R1.fq.gz,Jun Shang
98b4c4c2841798d87c0b1186ab189926,41217885668,5239N_R2.fq.gz,Jun Shang
bc86da2081a772920d8ce41100954e8b,39299351285,5239LC_R1.fq.gz,Jun Shang
abb0a8c0d3a35fd54dd5200245af5a33,40438620298,5160LC_R1.fq.gz,Jun Shang
a66322c730292c60ac30b6ddd606b2c1,36259060141,5354N_R2.fq.gz,Jun Shang
40549eb053e5c941971e64fd25670ee5,39324350559,5239N_R1.fq.gz,Jun Shang
5c5de9b0515463dbed8ae183921bfcd9,42027345111,5159LC_R2.fq.gz,Jun Shang
04ead8a7e9be5f56063630ff68554240,40363305975,5355N_R1.fq.gz,Jun Shang
a75a0214c5fc01849a65a109df590f16,40974400160,5354LC_R1.fq.gz,Jun Shang
bad34026cf83cb682fbfc7bb88ceca5e,41145691539,5239LC_R2.fq.gz,Jun Shang
c45052ca27232ca3e441b477a7d640bc,41677483584,5355N_R2.fq.gz,Jun Shang
6b5b28d3ce2cf4a8beb3d1a33e756332,38630104190,5355LC_R1.fq.gz,Jun Shang
f83496a5349f0d09a3af6ba23bb77988,34699451866,5354N_R1.fq.gz,Jun Shang
5301bec1c37c2b70d39b68eddb323699,39514952485,5384LC_R2.fq.gz,Jun Shang
89e7c287aac0ea56b60822ab2aecb5e1,42412774969,5354LC_R2.fq.gz,Jun Shang
bc53ab66bb998fdb64fe5a0a88d5511e,41045983278,5355LC_R2.fq.gz,Jun Shang
5ffb42db7620ef7633dc15055effde45,39626492338,4484N_R1.fq.gz,Jun Shang
c2fe87e5da762a9c2fac5ad2d9b3cbab,38302193215,5384LC_R1.fq.gz,Jun Shang
68cc7775c0172bd76e2cf93b1969cb6a,42197528976,5384N_R2.fq.gz,Jun Shang
931d1bbfbae943f64dd2510be8c4edb4,42678370259,5385LC_R2.fq.gz,Jun Shang
a7899ddd2795fcf5f7e447e7025a4e16,39163194971,4484LC_R1.fq.gz,Jun Shang
2c82a270f95e3298382c830bf0026bb6,40583885875,5384N_R1.fq.gz,Jun Shang
b3e463996e41eb911eb1669654492646,41153804647,5385LC_R1.fq.gz,Jun Shang
70bb9e90f8d1ee367ed66235ed85704b,41366113298,4484N_R2.fq.gz,Jun Shang
0a9cbbc7480e8ea5f29a3eb8ddfc1ed1,42286254987,4477N_R2.fq.gz,Jun Shang
e41a9724af30da79edf2b572bf3e6bd7,41107037958,4484LC_R2.fq.gz,Jun Shang
60fa4111526f40c0677980931bc75444,40280585604,4491N_R2.fq.gz,Jun Shang
9c60fd1c49a060863261fcae674674cf,38614903046,4491N_R1.fq.gz,Jun Shang
97e1a22616ad34a889a4ed6e1a4839ac,39041242306,4502N_R2.fq.gz,Jun Shang
bd73d8229198fc04f523f2f611733b50,40244021639,4491LC_R2.fq.gz,Jun Shang
49e22ed83d8751b9c8fa113d157d0ef6,39350299992,4502LC_R1.fq.gz,Jun Shang
af52d7f7a04c9c7cd265e7eab0b43b9c,43102698106,4510LC_R2.fq.gz,Jun Shang
403e12aa4eeb33363b7b1ef0e28c0f2b,38590977773,4491LC_R1.fq.gz,Jun Shang
92dff9efa3291dd660cf3ad6f1ebfbd6,42493892585,4502LC_R2.fq.gz,Jun Shang
9c5773bf29753f752eab33d7ffb28ad6,40788577880,4514LC_R2.fq.gz,Jun Shang
898d01327cd0a639e21f9e146b38e66e,39066324902,4514LC_R1.fq.gz,Jun Shang
a89c6de3ac3e34f9ff7ab027b252f0c9,37325037707,4502N_R1.fq.gz,Jun Shang
e69f2a91b1e01ad41ac0af4c996562ae,41416337436,4544N_R2.fq.gz,Jun Shang
4b6ac8909f6b70ffd18a6f9d35a01fcc,42966081896,4510N_R2.fq.gz,Jun Shang
a85dbbab922ff898557129cc08ac6426,41367687807,4510LC_R1.fq.gz,Jun Shang
688c38da6a316146ed3c9334d76605d6,42024594818,4514N_R2.fq.gz,Jun Shang
4126da71281ab6e5fee45e6da6ce3cb2,42566447655,4544LC_R2.fq.gz,Jun Shang
9ac982fda49621c56dccc6b0341bbbfd,41106972175,4510N_R1.fq.gz,Jun Shang
c6f1671088f6bc4d6e7f90ded60470d3,38054289794,4558LC_R1.fq.gz,Jun Shang
ddea3d699faabd1a980caee58f0970f7,40507616633,4544LC_R1.fq.gz,Jun Shang
8a7352787daa72a8e732092666984b7f,40198845674,4514N_R1.fq.gz,Jun Shang
242f83b5e3720ac5566ea118498d8795,41175685595,4558N_R1.fq.gz,Jun Shang
73cde0533db52b34e2e968bb24a1a091,40035721049,4558LC_R2.fq.gz,Jun Shang
daa93573b75b52083d975d1b3cca63c2,43322569522,4558N_R2.fq.gz,Jun Shang
394e4a866daa37781be40f5b2aa2574f,38404894297,4571LC_R1.fq.gz,Jun Shang
43cc979b620452ee885d5a8cd9ab6475,39723641031,4544N_R1.fq.gz,Jun Shang
9b48c6ef77a6930ae9a6c5a2573c34a9,39990801926,4571N_R2.fq.gz,Jun Shang
c0fb052850d2d98475399833b78b08f2,38410742360,4571N_R1.fq.gz,Jun Shang
51c77be0f30d7345256e68fd9246730c,36880022640,4574LC_R1.fq.gz,Jun Shang
9a3446184cbbc982481c6b05c79846ab,39188975283,4717LC_R2.fq.gz,Jun Shang
8a1f86de6b021ba69cacdc87c6dc5741,39880690900,4574LC_R2.fq.gz,Jun Shang
a72ce029fe584189e1224b8eb0033515,38411647346,4859LC_R1.fq.gz,Jun Shang
f7ab3b60f7b491a86f9f904533d12f32,39737961200,4571LC_R2.fq.gz,Jun Shang
69a30bac3c425d120f3702bb8c78f582,37407280089,4717N_R1.fq.gz,Jun Shang
41a9fd16979931b1186826a0ac8de9f8,39132839173,4717N_R2.fq.gz,Jun Shang
0d1a7617a01602b368a038d976ba9918,40280907258,4860LC_R2.fq.gz,Jun Shang
a42e769f82e34ce391a7e911657689ee,37467643106,4717LC_R1.fq.gz,Jun Shang
b854d239822a320459f826c5e0acabee,38668489518,4860LC_R1.fq.gz,Jun Shang
6d16ffae5a17b6e35605c7f45a49ca53,39862191499,4860N_R1.fq.gz,Jun Shang
58c6daa00bef7ce89ed66044b4f97539,39937845646,4859LC_R2.fq.gz,Jun Shang
151a5936686c8fbc1aba424f13346921,42828657317,4859N_R2.fq.gz,Jun Shang
8aacf7893e7f5a976cdddc03a5cf8bca,43746544549,4864LC_R2.fq.gz,Jun Shang
c4481587a8177c0b34b1064e3b5a6cb2,41848463932,4860N_R2.fq.gz,Jun Shang
125260f231773bcbb3f4fbb927ca156a,40807640171,4859N_R1.fq.gz,Jun Shang
7565b4e6ba51393891ce5b9dee9fa8cb,39462894096,4864N_R1.fq.gz,Jun Shang
ad302cd22d9b5b7be05577f303d70304,41850283707,4864LC_R1.fq.gz,Jun Shang
fb741103904dc274cae3f9f4e83a0ccf,38135024506,4865LC_R1.fq.gz,Jun Shang
a5f9699ea3033040e9eeb00430071b0e,41070338895,4865N_R2.fq.gz,Jun Shang
12850661f78081fd3c6fd0273414b33b,40886946192,4864N_R2.fq.gz,Jun Shang
548fcc38ef2ea560f0f27b4b3c54de38,40242775512,4865LC_R2.fq.gz,Jun Shang
8edff5e5b31b91ed34cd31d2d7f726f3,40130514483,4866N_R1.fq.gz,Jun Shang
554a379221550a7a052e0f68b81a6986,39156460068,4866LC_R1.fq.gz,Jun Shang
04392909184a301aa0f66cfda318be57,40972796073,4866LC_R2.fq.gz,Jun Shang
9811c7387e0e936066ac26a0b601c6b7,39270136437,4865N_R1.fq.gz,Jun Shang
cea0eee32c14b36f6bda69bd9404d8ba,41348205134,4867N_R1.fq.gz,Jun Shang
1ae5358494d1a29737c38c94a915f6ca,42213489293,4866N_R2.fq.gz,Jun Shang
a62237b27505878ff5ddb89dcd5476f6,38954807724,4867LC_R1.fq.gz,Jun Shang
c034022caffac21629052fc87eccbd55,42322047703,4868LC_R2.fq.gz,Jun Shang
2bbf97ab1b8a1a83260517748bf12668,36890902395,4868N_R1.fq.gz,Jun Shang
335be9ef633a7fe7a3daf25341893479,40558398839,4867LC_R2.fq.gz,Jun Shang
1fcd600e5c2e1f4e5d06a300e938fa30,43359758580,4867N_R2.fq.gz,Jun Shang
7e13f6b74929cf1b5ccca9f190963132,40974707896,4868LC_R1.fq.gz,Jun Shang
a62d091d21ab7525d05f215c338681b4,37896787824,4868N_R2.fq.gz,Jun Shang
5e1e12e09a7932cfd7a75a49be39dac3,40317294389,4877LC_R1.fq.gz,Jun Shang
9cbddebd1491c0c41caf3a061b48bdb2,38778366765,4875LC_R1.fq.gz,Jun Shang
b9ad7cd10217326132ac15cb0ce8784f,40141439858,4875LC_R2.fq.gz,Jun Shang
d6888f1f6c9c8aee3959f86757559d4c,35964185643,4877N_R1.fq.gz,Jun Shang
24f9307d3b17e73d80b27c385be7a8b1,40039356995,4875N_R1.fq.gz,Jun Shang
55428a58dde01e2ff53f81b6aa57dadb,41518193394,4875N_R2.fq.gz,Jun Shang
c32144d6ab1bd21b788b0c5d7965acde,36595808790,4921LC_R1.fq.gz,Jun Shang
2524c989905e6b2ddfd1ac8b5742e19a,42168442546,4877LC_R2.fq.gz,Jun Shang
a9b907faefc0d2bf2acdcaf4a354f0a2,36899935981,4877N_R2.fq.gz,Jun Shang
68f03748b9fba8f9929d97982cbe4727,43936232522,4918N_R2.fq.gz,Jun Shang
ba2cc07398d69ae348089d11f4584965,38038278184,4921LC_R2.fq.gz,Jun Shang
39c13fdc18ba8683eb05edde8e68f496,34742633393,4878LC_R1.fq.gz,Jun Shang
7e9c9980f7d232b822130d1ac7a18cd5,37377794865,4930N_R2.fq.gz,Jun Shang
71e53e718fa2abeb5819d903672f2ab1,36945008236,4921N_R2.fq.gz,Jun Shang
69911dd025694d781a6917d057997f2e,35618777074,4921N_R1.fq.gz,Jun Shang
be621c2b9c9a4d81576deed3f1d5d00f,36549849162,4930LC_R1.fq.gz,Jun Shang
f4d45ae655b4f39d703f644dbf9c3d48,37437619955,4930LC_R2.fq.gz,Jun Shang
3d065efd99157317efeea45d904b2024,36074756139,4930N_R1.fq.gz,Jun Shang
c190d889909feeec14b18596e33a76de,40961843813,5120LC_R1.fq.gz,Jun Shang
2c3cba8556340cc6cdf12ab0ca3b3aac,41171462699,5001N_R1.fq.gz,Jun Shang
b8ef4ee2c4fd5e4300eb00c0f7e9f29c,39944040966,5002LC_R1.fq.gz,Jun Shang
815cac19dcfcc76e888c27ca7f61e8ae,40452246121,559N_R1.fq.gz,Jun Shang
8be06ef85baaca28414243de41def4e8,42139183719,5120LC_R2.fq.gz,Jun Shang
b1f3bd2c8d815014a262f4899eea40a5,43125484460,5001N_R2.fq.gz,Jun Shang
d2e38334d6a23c8c84193e2cdb0f03c8,42487346006,5002LC_R2.fq.gz,Jun Shang
9096a943b6789298c79545cf6c10414e,40017488133,5120N_R1.fq.gz,Jun Shang
e1598d4a91e2d4dfd53941eee2c57212,42017107530,559N_R2.fq.gz,Jun Shang
e801a2125e4ea825e4af5eacb22643d2,38721377294,559LC_R2.fq.gz,Jun Shang
6f679b45bbe49ca7921685e393c57e02,39430311952,5465LC_R1.fq.gz,Jun Shang
2ca8ff057fb78121d0697770670882b8,39878021822,5689LC_R1.fq.gz,Jun Shang
b66dbf8604b3caedfa99701244173c40,36773850970,5465N_R2.fq.gz,Jun Shang
ee21216413dbc45689b069e765154d8b,41980246957,5689LC_R2.fq.gz,Jun Shang
cee7e67d753c854a82bf60e525a5c2ed,40696632542,5465LC_R2.fq.gz,Jun Shang
b440053af0c613d36947dc5d247a197f,35973023435,5465N_R1.fq.gz,Jun Shang
a7191c318326b8f30e0e7c4fc2cf744f,37660482979,559LC_R1.fq.gz,Jun Shang
